Home Page,Webpage,Clicks
0,0,0
0,1,1
0,2,1
0,3,1
0,4,1
0,5,1
0,6,1
0,7,1
0,8,1
0,9,1
0,10,1
0,11,5
0,12,6
0,13,6
0,14,6
0,15,5
0,16,6
0,17,3
0,18,6
0,19,6
0,20,6
0,21,5
0,23,5
0,25,7
0,27,7
0,28,7
0,29,5
0,30,6
0,31,3
0,32,5
0,33,8
0,34,6
0,35,7
0,36,9
0,37,9
0,38,3
0,39,6
0,40,9
0,41,7
0,42,8
0,43,7
0,45,5
0,47,9
0,48,8
0,49,5
0,50,5
0,51,3
0,53,6
0,54,6
0,55,6
0,56,6
0,57,6
0,58,7
0,59,5
0,60,6
0,61,7
0,62,3
0,63,6
0,64,3
0,65,7
0,67,7
0,68,7
0,69,5
0,71,4
0,73,6
0,75,6
0,76,6
0,77,5
0,78,5
0,79,7
0,80,6
0,81,5
0,82,6
0,83,7
0,84,7
0,85,7
0,86,6
0,87,7
0,88,8
0,89,8
0,90,8
0,91,4
0,92,5
0,93,6
0,94,6
0,95,8
0,96,5
0,97,7
0,99,7
0,100,4
0,101,6
0,102,4
0,103,5
0,104,8
0,105,6
0,106,4
0,107,6
0,108,4
0,110,5
0,111,7
0,112,4
0,113,6
0,114,3
0,115,6
0,116,5
0,117,5
0,118,7
0,119,4
0,120,11
0,121,2
0,122,3
0,123,3
0,124,2
0,125,3
0,126,3
0,127,2
0,128,2
0,129,3
0,130,6
0,131,6
0,132,4
0,133,4
0,134,5
0,135,5
0,136,5
0,137,6
0,138,7
0,139,7
0,140,6
0,141,5
0,142,3
0,143,3
0,144,2
0,145,2
0,146,3
0,147,2
0,148,3
0,149,3
0,150,6
0,151,4
0,152,4
0,153,5
0,154,5
0,155,5
0,156,5
0,157,5
0,158,5
0,159,5
0,160,5
0,161,5
0,162,6
0,163,6
0,164,5
0,165,4
0,166,7
0,167,6
0,168,7
0,169,6
0,170,7
0,171,5
0,172,5
0,173,5
0,174,3
0,175,3
0,176,2
0,177,2
0,178,4
0,179,2
0,180,4
0,181,8
0,182,6
0,183,5
0,184,5
0,185,9
0,186,9
0,187,6
0,188,9
0,189,9
0,190,6
0,191,6
0,193,6
0,195,6
0,196,7
0,197,5
0,198,5
0,199,5
0,200,5
0,201,6
0,202,6
0,203,5
0,204,6
0,205,6
0,206,6
0,207,6
0,208,5
0,209,6
0,210,6
0,211,6
0,212,6
0,213,6
0,214,6
0,215,5
0,216,6
0,217,6
0,218,7
0,219,4
0,220,8
0,221,8
0,222,4
0,223,7
0,224,4
0,225,8
0,226,8
0,227,6
0,228,7
0,229,6
0,230,5
0,231,7
0,232,8
0,233,8
0,234,8
0,235,5
0,238,4
0,240,5
0,241,6
0,243,5
0,244,7
0,246,2
0,247,2
0,248,2
0,249,2
0,250,2
0,251,2
0,252,2
0,253,4
0,254,5
0,255,5
0,256,5
0,257,5
0,258,2
0,259,5
0,260,4
0,261,4
0,262,5
0,263,6
0,264,2
0,265,3
0,266,3
0,267,6
0,268,5
0,269,7
0,270,7
0,271,7
0,272,7
0,273,8
0,274,7
0,275,8
0,276,7
0,277,8
0,278,8
0,279,5
0,280,6
0,281,6
0,282,4
0,283,6
0,284,6
0,285,4
0,286,5
0,287,6
0,288,5
0,289,5
0,290,5
0,291,6
0,292,6
0,293,6
0,294,5
0,295,5
0,296,4
0,297,6
0,298,6
0,299,6
0,300,9
0,301,6
0,302,8
0,303,5
0,304,10
0,305,10
0,306,10
0,307,6
0,308,7
0,309,5
0,311,5
0,312,6
0,313,5
0,314,8
0,315,6
0,318,6
0,321,6
0,322,6
0,323,5
0,324,5
0,325,5
0,326,3
0,327,4
0,328,7
0,329,6
0,330,5
0,331,3
0,332,4
0,333,4
0,334,4
0,335,4
0,336,4
0,337,4
0,338,4
0,339,4
0,340,6
0,341,6
0,342,4
0,343,6
0,344,5
0,345,6
0,346,6
0,347,6
0,348,6
0,349,7
0,350,6
0,351,3
0,352,3
0,353,2
0,354,4
0,355,4
0,356,4
0,357,4
0,358,4
0,359,4
0,360,7
0,361,7
0,362,8
0,363,6
0,364,5
0,365,5
0,367,3
0,368,3
0,369,3
0,370,6
0,371,7
0,372,7
0,373,7
0,374,7
0,375,7
0,376,5
0,377,6
0,378,7
0,379,7
0,380,6
0,381,6
0,382,7
0,383,7
0,384,7
0,385,7
0,386,6
0,387,5
0,388,7
0,389,7
0,390,3
0,391,4
0,392,4
0,393,4
0,394,4
0,395,4
0,396,4
0,397,4
0,398,4
0,400,6
0,401,5
0,402,6
0,404,6
0,406,6
0,407,7
0,409,7
0,411,6
0,412,5
0,413,7
0,414,7
0,415,7
0,416,6
0,418,5
0,419,10
0,420,4
0,422,4
0,423,4
0,424,2
0,425,5
0,426,2
0,427,3
0,429,5
0,430,10
0,432,6
0,433,6
0,434,7
0,435,7
0,436,7
0,437,5
0,438,10
0,440,5
0,442,6
0,443,7
0,446,8
0,448,8
0,449,6
0,450,6
0,451,4
0,452,6
0,453,5
0,454,7
0,455,5
0,456,7
0,457,7
0,458,5
0,459,4
0,460,6
0,461,6
0,462,5
0,463,6
0,464,5
0,465,6
0,466,6
0,467,6
0,468,4
0,469,6
0,470,6
0,471,7
0,472,6
0,473,7
0,474,7
0,475,7
0,476,4
0,477,4
0,478,6
0,479,7
0,480,7
0,481,7
0,482,7
0,483,6
0,484,7
0,485,5
0,486,7
0,487,6
0,488,7
0,489,7
0,490,4
0,491,2
0,492,7
0,493,6
0,494,5
0,495,6
0,496,4
0,497,8
0,498,7
0,499,9
0,500,6
0,501,10
0,502,10
0,503,4
0,504,7
0,505,5
0,506,9
0,507,6
0,508,8
0,509,7
0,510,4
0,511,9
0,512,8
0,513,3
0,514,6
0,515,9
0,518,6
0,520,2
0,521,6
0,522,6
0,523,8
0,524,7
0,526,6
0,527,4
0,528,6
0,529,4
0,530,7
0,531,5
0,532,6
0,533,7
0,534,4
0,535,6
0,536,6
0,538,5
0,540,6
0,541,6
0,542,5
0,544,11
0,547,4
0,548,5
0,549,4
0,550,6
0,551,4
0,552,5
0,553,6
0,554,4
0,555,6
0,556,6
0,557,6
0,558,4
0,559,3
0,560,4
0,561,5
0,562,5
0,563,5
0,564,5
0,565,5
0,566,5
0,567,5
0,568,5
0,569,5
0,570,5
0,571,6
0,572,5
0,573,6
0,574,6
0,575,6
0,576,5
0,577,7
0,578,4
0,579,6
0,580,7
0,581,4
0,582,5
0,583,7
0,584,4
0,585,5
0,586,3
0,587,5
0,588,8
0,589,9
0,590,9
0,591,9
0,592,9
0,593,9
0,594,9
0,595,9
0,596,9
0,597,9
0,598,9
0,599,7
0,600,8
0,601,8
0,602,7
0,603,8
0,604,4
0,605,6
0,606,6
0,607,7
0,608,8
0,609,6
0,610,8
0,611,8
0,612,6
0,613,8
0,614,6
0,615,8
0,616,6
0,617,8
0,618,9
0,619,7
0,620,6
0,621,5
0,622,9
0,623,7
0,624,9
0,625,9
0,626,3
0,627,5
0,628,3
0,629,4
0,630,4
0,631,7
0,632,7
0,633,5
0,634,8
0,635,6
0,637,4
0,638,5
0,640,7
0,642,8
0,643,6
0,645,7
0,646,6
0,648,6
0,649,6
0,650,11
0,651,6
0,652,6
0,654,5
0,655,7
0,656,6
0,657,7
0,658,4
0,659,6
0,660,5
0,661,6
0,662,7
0,663,7
0,664,5
0,665,2
0,666,3
0,667,3
0,668,5
0,669,6
0,670,6
0,671,5
0,672,6
0,673,6
0,674,6
0,675,6
0,676,6
0,677,5
0,678,6
0,679,6
0,680,7
0,681,5
0,682,7
0,683,7
0,684,5
0,685,6
0,686,6
0,687,7
0,688,7
0,689,6
0,690,5
0,691,6
0,692,6
0,693,4
0,694,5
0,695,4
0,696,4
0,697,3
0,698,3
0,699,6
0,700,3
0,701,8
0,702,9
0,703,2
0,704,9
0,705,7
0,706,6
0,707,5
0,708,7
0,709,7
0,710,6
0,711,5
0,712,5
0,713,8
0,714,6
0,715,4
0,716,6
0,717,3
0,718,5
0,720,7
0,721,7
0,722,8
0,724,7
0,725,4
0,726,5
0,727,6
0,728,7
0,729,8
0,730,5
0,731,5
0,732,4
0,733,6
0,734,8
0,735,8
0,736,6
0,737,7
0,738,5
0,739,6
0,740,6
0,741,7
0,742,7
0,743,7
0,744,7
0,745,7
0,746,7
0,747,7
0,748,7
0,749,7
0,750,6
0,751,6
0,753,2
0,754,2
0,755,3
0,756,4
0,757,5
0,758,5
0,759,4
0,760,5
0,761,5
0,762,2
0,763,5
0,764,6
0,765,5
0,766,7
0,767,7
0,768,7
0,769,6
0,770,6
0,771,5
0,772,7
0,773,7
0,774,7
0,776,3
0,777,5
0,778,4
0,779,6
0,780,6
0,781,5
0,782,4
0,783,6
0,784,6
0,785,6
0,786,6
0,787,6
0,788,5
0,789,6
0,790,7
0,791,7
0,792,4
0,793,6
0,794,7
0,795,5
0,796,5
0,798,6
0,799,6
0,800,10
0,801,5
0,802,4
0,803,5
0,804,4
0,805,5
0,806,5
0,807,5
0,808,3
0,809,5
0,810,5
0,811,5
0,812,5
0,813,4
0,814,4
0,815,4
0,816,5
0,817,5
0,818,4
0,819,4
0,820,4
0,821,4
0,822,4
0,823,4
0,824,4
0,825,6
0,826,2
0,827,7
0,828,6
0,829,6
0,830,7
0,831,7
0,832,7
0,833,6
0,834,5
0,835,5
0,836,6
0,837,5
0,838,6
0,839,7
0,840,5
0,841,7
0,842,5
0,843,5
0,844,6
0,845,7
0,846,6
0,847,7
0,848,7
0,849,6
0,850,6
0,851,7
0,852,2
0,853,6
0,854,7
0,855,5
0,856,3
0,857,6
0,858,5
0,859,4
0,860,5
0,861,5
0,862,5
0,863,5
0,864,4
0,865,5
0,866,5
0,867,5
0,868,5
0,869,5
0,870,4
0,871,5
0,872,5
0,873,3
0,874,5
0,875,5
0,876,5
0,877,5
0,878,6
0,879,7
0,880,6
0,881,6
0,882,7
0,883,6
0,884,5
0,885,7
0,886,5
0,887,6
0,888,6
0,889,4
0,890,6
0,891,6
0,892,5
0,893,6
0,894,5
0,895,6
0,897,6
0,898,3
0,900,3
0,901,7
0,902,6
0,904,6
0,906,6
0,907,7
0,908,5
0,909,6
0,910,7
0,911,4
0,912,7
0,913,7
0,914,3
0,915,3
0,916,3
0,917,3
0,918,3
0,919,3
0,920,3
0,921,3
0,922,3
0,923,6
0,924,4
0,925,6
0,926,5
0,927,7
0,928,5
0,930,5
0,931,7
0,932,5
0,933,6
0,935,7
0,937,6
0,938,3
0,939,4
0,940,3
0,941,4
0,942,4
0,943,4
0,944,4
0,945,4
0,946,3
0,947,3
0,951,8
0,952,7
0,953,7
0,954,8
0,955,4
0,956,8
0,957,6
0,958,7
0,959,5
0,960,3
0,962,5
0,963,5
0,965,6
0,967,7
0,968,5
0,969,4
0,970,6
0,971,6
0,972,6
0,973,6
0,974,6
0,975,7
0,976,5
0,977,5
0,978,8
0,979,6
0,980,5
0,981,7
0,982,5
0,983,3
0,984,5
0,985,6
0,986,6
0,987,6
0,988,6
0,989,6
0,990,6
0,991,6
0,993,7
0,995,6
0,996,8
0,997,7
0,998,7
0,1001,5
0,1002,7
0,1003,5
0,1004,4
0,1005,5
0,1006,8
0,1007,6
0,1009,8
0,1010,7
0,1011,9
0,1012,9
0,1013,9
0,1014,9
0,1015,8
0,1016,6
0,1017,4
0,1018,5
0,1019,6
0,1020,5
0,1021,2
0,1022,5
0,1023,6
0,1024,6
0,1025,6
0,1026,6
0,1027,5
0,1028,6
0,1029,5
0,1030,6
0,1031,6
0,1032,6
0,1033,6
0,1034,6
0,1035,7
0,1036,4
0,1037,7
0,1038,7
0,1039,6
0,1040,7
0,1041,7
0,1042,6
0,1043,6
0,1044,5
0,1045,8
0,1046,8
0,1047,4
0,1048,5
0,1049,6
0,1050,4
0,1051,6
0,1052,5
0,1053,6
0,1054,4
0,1055,6
0,1056,4
0,1057,7
0,1058,8
0,1059,6
0,1060,5
0,1061,4
0,1062,6
0,1063,8
0,1064,3
0,1065,8
0,1066,4
0,1067,3
0,1068,3
0,1069,3
0,1070,3
0,1071,3
0,1072,3
0,1073,3
0,1074,3
0,1076,9
0,1077,5
0,1078,8
0,1079,9
0,1081,7
0,1082,8
0,1084,6
0,1085,6
0,1086,6
0,1087,6
0,1088,7
0,1089,5
0,1090,5
0,1091,7
0,1092,6
0,1093,6
0,1094,7
0,1095,5
0,1096,8
0,1097,2
0,1100,6
0,1102,6
0,1103,5
0,1104,7
0,1106,5
0,1107,6
0,1109,7
0,1114,9
0,1115,4
0,1116,7
0,1118,3
0,1120,5
0,1122,6
0,1123,4
0,1124,6
0,1125,7
0,1126,7
0,1127,7
0,1128,7
0,1129,4
0,1130,7
0,1131,7
0,1132,7
0,1133,6
0,1134,7
0,1135,6
0,1136,8
0,1137,6
0,1138,7
0,1139,6
0,1140,4
0,1141,5
0,1142,7
0,1143,4
0,1144,4
0,1145,6
0,1146,6
0,1147,6
0,1148,6
0,1149,6
0,1150,6
0,1151,6
0,1152,6
0,1153,6
0,1154,8
0,1155,9
0,1156,6
0,1157,6
0,1158,5
0,1159,9
0,1160,5
0,1162,6
0,1163,6
0,1164,7
0,1165,5
0,1166,7
0,1167,7
0,1168,6
0,1169,5
0,1170,8
0,1171,5
0,1172,8
0,1173,4
0,1174,9
0,1175,5
0,1176,6
0,1177,7
0,1178,5
0,1179,7
0,1180,5
0,1184,4
0,1191,8
0,1192,7
0,1193,5
0,1194,4
0,1195,5
0,1196,4
0,1197,5
0,1198,4
0,1199,6
0,1202,7
0,1203,5
0,1208,5
0,1209,6
0,1210,7
0,1211,5
0,1212,4
0,1213,4
0,1214,7
0,1215,7
0,1216,7
0,1217,5
0,1219,4
0,1220,8
0,1221,6
0,1223,5
0,1224,5
0,1227,3
0,1228,4
0,1229,8
0,1230,6
0,1231,5
0,1232,6
0,1233,5
0,1234,7
0,1235,5
0,1236,7
0,1239,6
0,1240,7
0,1243,6
0,1245,3
0,1246,3
0,1248,7
0,1249,6
0,1250,6
0,1251,6
0,1252,5
0,1253,7
0,1254,7
0,1255,6
0,1256,7
0,1257,6
0,1258,6
0,1259,6
0,1261,8
0,1262,7
0,1264,5
0,1265,4
0,1266,8
0,1267,6
0,1268,7
0,1269,7
0,1270,7
0,1271,7
0,1272,4
0,1273,4
0,1274,6
0,1275,7
0,1276,8
0,1277,8
0,1278,6
0,1279,8
0,1280,7
0,1281,8
0,1282,8
0,1283,8
0,1284,8
0,1285,8
0,1287,2
0,1288,5
0,1289,5
0,1290,7
0,1291,6
0,1292,8
0,1297,6
0,1299,6
0,1300,6
0,1301,6
0,1302,6
0,1303,5
0,1304,6
0,1305,6
0,1306,6
0,1309,7
0,1310,7
0,1311,5
0,1313,5
0,1316,6
0,1317,3
0,1318,6
0,1319,7
0,1320,7
0,1321,7
0,1322,5
0,1323,5
0,1324,5
0,1325,5
0,1326,5
0,1327,5
0,1328,5
0,1329,7
0,1330,6
0,1331,8
0,1332,6
0,1333,5
0,1334,3
0,1335,7
0,1336,4
0,1337,5
0,1338,5
0,1339,5
0,1340,9
0,1341,8
0,1342,3
0,1343,9
0,1344,9
0,1345,7
0,1346,7
0,1347,5
0,1348,7
0,1349,3
0,1350,4
0,1351,6
0,1352,7
0,1353,6
0,1354,6
0,1355,8
0,1356,7
0,1357,8
0,1358,7
0,1359,7
0,1360,8
0,1361,6
0,1362,7
0,1363,8
0,1364,7
0,1365,6
0,1366,7
0,1367,6
0,1368,8
0,1369,8
0,1370,7
0,1371,5
0,1372,6
0,1373,8
0,1374,4
0,1375,6
0,1376,4
0,1377,5
0,1378,6
0,1379,7
0,1380,7
0,1381,8
0,1382,5
0,1383,3
0,1384,6
0,1385,5
0,1386,8
0,1387,4
0,1388,6
0,1389,3
0,1390,4
0,1391,4
0,1392,4
0,1393,4
0,1394,2
0,1395,4
0,1396,4
0,1397,4
0,1400,6
0,1401,7
0,1402,5
0,1404,8
0,1405,9
0,1407,8
0,1408,6
0,1409,5
0,1411,6
0,1412,3
0,1413,6
0,1414,4
0,1415,7
0,1416,7
0,1417,7
0,1418,2
0,1419,8
0,1420,7
0,1421,9
0,1422,8
0,1423,5
0,1424,6
0,1425,5
0,1426,5
0,1427,4
0,1428,4
0,1429,5
0,1430,5
0,1431,5
0,1432,5
0,1433,4
0,1434,7
0,1435,5
0,1436,8
0,1437,5
0,1438,8
0,1439,6
0,1440,8
0,1441,4
0,1442,6
0,1443,7
0,1444,5
0,1447,6
0,1451,4
0,1454,5
0,1456,6
0,1457,5
0,1458,5
0,1459,6
0,1460,12
0,1461,13
0,1466,6
0,1471,5
0,1473,9
0,1475,3
0,1476,6
0,1477,7
0,1480,7
0,1481,4
0,1482,6
0,1484,11
0,1485,6
0,1486,5
0,1487,6
0,1488,7
0,1489,5
0,1490,5
0,1491,4
0,1492,5
0,1493,4
0,1495,9
0,1496,10
0,1498,11
0,1500,9
0,1501,7
0,1503,6
0,1504,5
0,1505,7
0,1506,7
0,1507,6
0,1508,8
0,1509,5
0,1510,8
0,1511,5
0,1512,6
0,1513,7
0,1514,8
0,1515,6
0,1516,5
0,1517,4
0,1518,6
0,1519,7
0,1522,5
0,1524,5
0,1526,5
0,1528,5
0,1529,5
0,1530,5
0,1531,5
0,1532,6
0,1533,6
0,1534,4
0,1535,4
0,1536,6
0,1537,6
0,1538,5
0,1539,6
0,1540,6
0,1541,5
0,1542,7
0,1543,7
0,1544,6
0,1545,7
0,1546,6
0,1547,5
0,1548,5
0,1549,7
0,1550,7
0,1551,7
0,1552,7
0,1553,5
0,1554,7
0,1555,7
0,1556,3
0,1557,6
0,1558,7
0,1559,6
0,1560,7
0,1561,5
0,1563,5
0,1564,6
0,1565,6
0,1568,5
0,1569,6
0,1570,4
0,1571,5
0,1572,7
0,1573,3
0,1574,4
0,1575,4
0,1576,7
0,1577,8
0,1578,9
0,1581,3
0,1583,6
0,1584,4
0,1585,7
0,1586,8
0,1587,5
0,1588,7
0,1589,4
0,1590,7
0,1591,2
0,1592,5
0,1593,8
0,1594,8
0,1595,9
0,1597,8
0,1598,7
0,1599,6
0,1600,8
0,1601,7
0,1602,4
0,1604,8
0,1605,9
0,1606,4
0,1607,5
0,1608,5
0,1609,7
0,1610,7
0,1611,7
0,1612,8
0,1613,8
0,1614,7
0,1615,6
0,1616,8
0,1617,7
0,1618,6
0,1619,8
0,1620,3
0,1621,9
0,1622,9
0,1623,9
0,1624,6
0,1626,5
0,1627,8
0,1628,5
0,1629,7
0,1630,8
0,1631,5
0,1632,7
0,1633,8
0,1634,9
0,1635,5
0,1636,4
0,1637,6
0,1638,9
0,1639,9
0,1640,9
0,1641,8
0,1642,7
0,1643,9
0,1644,3
0,1645,7
0,1646,9
0,1647,5
0,1650,5
0,1651,5
0,1652,6
0,1653,4
0,1654,6
0,1655,6
0,1656,5
0,1658,4
0,1659,7
0,1661,5
0,1664,6
0,1665,9
0,1666,6
0,1667,8
0,1669,2
0,1670,6
0,1671,5
0,1672,5
0,1673,6
0,1675,5
0,1676,8
0,1677,6
0,1679,8
0,1682,7
0,1685,7
0,1686,8
0,1687,8
0,1688,4
0,1689,6
0,1690,5
0,1691,6
0,1694,6
0,1695,6
0,1697,7
0,1698,5
0,1699,4
0,1700,6
0,1701,6
0,1702,6
0,1703,6
0,1704,6
0,1705,6
0,1706,4
0,1707,6
0,1708,4
0,1709,6
0,1710,8
0,1711,6
0,1714,7
0,1715,8
0,1716,7
0,1717,6
0,1718,6
0,1719,7
0,1720,6
0,1721,6
0,1724,5
0,1725,6
0,1726,3
0,1727,6
0,1728,5
0,1729,8
0,1730,7
0,1731,7
0,1732,9
0,1733,6
0,1734,6
0,1735,7
0,1736,8
0,1737,8
0,1738,6
0,1739,8
0,1740,5
0,1741,5
0,1743,8
0,1744,5
0,1747,5
0,1749,6
0,1750,6
0,1751,6
0,1752,8
0,1754,7
0,1755,5
0,1756,6
0,1757,7
0,1758,11
0,1760,5
0,1761,8
0,1762,5
0,1763,7
0,1764,6
0,1765,7
0,1766,5
0,1767,5
0,1768,6
0,1769,6
0,1770,6
0,1771,6
0,1772,5
0,1773,6
0,1774,6
0,1775,5
0,1776,6
0,1777,6
0,1778,6
0,1779,6
0,1780,5
0,1781,6
0,1782,6
0,1783,6
0,1784,6
0,1786,2
0,1787,3
0,1788,4
0,1789,5
0,1790,5
0,1791,8
0,1792,7
0,1794,6
0,1795,7
0,1796,7
0,1797,5
0,1798,6
0,1799,6
0,1800,5
0,1801,6
0,1802,6
0,1803,5
0,1804,5
0,1805,6
0,1806,7
0,1807,7
0,1808,6
0,1809,7
0,1810,7
0,1811,7
0,1812,6
0,1813,7
0,1814,7
0,1815,6
0,1816,5
0,1817,4
0,1818,7
0,1819,7
0,1820,7
0,1821,8
0,1822,7
0,1823,9
0,1824,6
0,1825,9
0,1826,6
0,1827,6
0,1828,7
0,1829,5
0,1830,7
0,1831,6
0,1832,7
0,1833,6
0,1836,8
0,1837,8
0,1838,7
0,1840,6
0,1841,8
0,1842,2
0,1843,8
0,1844,8
0,1845,6
0,1846,5
0,1848,10
0,1849,5
0,1850,5
0,1852,5
0,1854,6
0,1855,7
0,1859,6
0,1860,3
0,1861,6
0,1862,7
0,1863,8
0,1865,5
0,1866,5
0,1867,4
0,1868,5
0,1870,7
0,1871,8
0,1872,7
0,1873,5
0,1874,8
0,1875,8
0,1878,7
0,1880,9
0,1881,6
0,1882,7
0,1883,7
0,1885,6
0,1886,6
0,1887,6
0,1888,5
0,1889,6
0,1890,5
0,1891,4
0,1892,6
0,1893,6
0,1894,6
0,1895,2
0,1896,2
0,1897,2
0,1898,2
0,1899,2
0,1900,2
0,1901,2
0,1902,2
0,1903,2
0,1904,2
0,1905,2
0,1906,2
0,1907,2
0,1908,7
0,1909,5
0,1910,7
0,1911,5
0,1912,4
0,1913,5
0,1914,6
0,1915,4
0,1916,6
0,1917,6
0,1918,6
0,1919,6
0,1920,4
0,1921,6
0,1922,6
0,1923,5
0,1924,7
0,1925,7
0,1926,6
0,1927,7
0,1928,5
0,1929,6
0,1930,8
0,1931,8
0,1932,8
0,1933,7
0,1934,5
0,1935,6
0,1936,4
0,1937,7
0,1938,7
0,1939,7
0,1940,5
0,1941,7
0,1942,5
0,1943,7
0,1944,6
0,1945,3
0,1946,4
0,1947,4
0,1948,4
0,1949,4
0,1950,4
0,1951,4
0,1952,4
0,1953,8
0,1954,4
0,1955,6
0,1956,4
0,1957,5
0,1958,7
0,1959,4
0,1960,4
0,1961,4
0,1962,4
0,1963,4
0,1964,7
0,1965,7
0,1966,7
0,1967,7
0,1968,5
0,1969,6
0,1970,7
0,1971,7
0,1972,7
0,1973,7
0,1974,6
0,1975,4
0,1976,7
0,1977,7
0,1978,4
0,1979,5
0,1980,3
0,1981,7
0,1982,6
0,1983,7
0,1984,6
0,1985,5
0,1986,6
0,1987,6
0,1988,6
0,1989,6
0,1990,3
0,1991,6
0,1992,6
0,1993,8
0,1994,4
0,1995,8
0,1996,8
0,1997,5
0,1998,8
0,1999,7
0,2000,8
0,2001,3
0,2002,4
0,2003,8
0,2004,7
0,2005,7
0,2006,6
0,2007,4
0,2008,5
0,2009,8
0,2010,7
0,2011,4
0,2012,9
0,2013,6
0,2014,7
0,2015,5
0,2016,6
0,2017,5
0,2018,3
0,2019,7
0,2020,7
0,2021,5
0,2022,5
0,2023,5
0,2024,5
0,2025,9
0,2026,5
0,2027,5
0,2028,5
0,2029,6
0,2030,6
0,2031,6
0,2032,4
0,2033,6
0,2034,4
0,2035,6
0,2036,6
0,2037,5
0,2038,5
0,2039,5
0,2040,4
0,2041,5
0,2042,4
0,2043,5
0,2044,5
0,2045,5
0,2046,5
0,2047,5
0,2048,5
0,2049,5
0,2050,4
0,2051,4
0,2052,6
0,2053,5
0,2054,5
0,2055,6
0,2056,6
0,2057,4
0,2058,4
0,2059,4
0,2060,4
0,2061,4
0,2062,4
0,2063,3
0,2064,2
0,2065,7
0,2066,5
0,2067,6
0,2068,6
0,2069,5
0,2070,4
0,2071,4
0,2072,4
0,2073,4
0,2074,4
0,2075,4
0,2076,3
0,2077,4
0,2078,4
0,2079,4
0,2080,4
0,2081,4
0,2082,4
0,2083,4
0,2084,5
0,2085,5
0,2086,5
0,2087,5
0,2088,5
0,2089,5
0,2090,6
0,2091,7
0,2092,7
0,2093,6
0,2094,7
0,2095,7
0,2096,5
0,2097,7
0,2098,3
0,2099,6
0,2100,6
0,2101,6
0,2102,6
0,2103,6
0,2104,6
0,2105,5
0,2106,6
0,2107,6
0,2108,6
0,2109,6
0,2110,6
0,2111,5
0,2112,6
0,2113,6
0,2114,5
0,2115,6
0,2116,7
0,2117,7
0,2118,7
0,2119,5
0,2120,7
0,2121,7
0,2122,3
0,2123,5
0,2124,5
0,2125,4
0,2126,5
0,2127,5
0,2128,5
0,2129,5
0,2130,5
0,2131,5
0,2132,5
0,2133,5
0,2134,5
0,2136,12
0,2138,6
0,2139,5
0,2140,9
0,2141,7
0,2142,8
0,2143,6
0,2144,8
0,2145,8
0,2146,6
0,2147,6
0,2148,5
0,2149,6
0,2150,6
0,2151,5
0,2152,6
0,2153,7
0,2154,7
0,2155,6
0,2156,7
0,2157,6
0,2158,7
0,2159,6
0,2160,5
0,2161,7
0,2162,6
0,2163,7
0,2164,7
0,2165,7
0,2166,5
0,2167,4
0,2168,4
0,2169,4
0,2170,4
0,2171,9
0,2172,9
0,2173,6
0,2174,9
0,2175,7
0,2176,6
0,2177,7
0,2178,9
0,2179,5
0,2180,9
0,2181,5
0,2182,5
0,2183,5
0,2184,4
0,2185,5
0,2186,6
0,2187,6
0,2188,6
0,2189,6
0,2190,6
0,2191,6
0,2192,6
0,2193,3
0,2194,3
0,2195,6
0,2196,6
0,2197,7
0,2198,6
0,2199,7
0,2200,5
0,2201,5
0,2202,6
0,2203,6
0,2204,6
0,2205,6
0,2206,3
0,2207,3
0,2208,3
0,2209,3
0,2210,3
0,2211,3
0,2212,3
0,2213,3
0,2214,3
0,2215,3
0,2216,3
0,2217,7
0,2218,5
0,2219,5
0,2220,7
0,2221,4
0,2222,4
0,2223,8
0,2224,3
0,2225,3
0,2226,3
0,2227,3
0,2228,3
0,2229,5
0,2230,7
0,2231,6
0,2232,7
0,2233,7
0,2234,4
0,2235,7
0,2236,7
0,2237,4
0,2238,7
0,2239,7
0,2240,5
0,2241,6
0,2242,7
0,2243,5
0,2244,6
0,2245,6
0,2246,6
0,2247,8
0,2248,5
0,2249,7
0,2250,7
0,2251,7
0,2252,7
0,2253,6
0,2254,4
0,2255,5
0,2256,11
0,2257,7
0,2258,11
0,2259,5
0,2260,7
0,2261,6
0,2262,4
0,2263,7
0,2264,7
0,2265,6
0,2266,6
0,2267,8
0,2268,6
0,2269,4
0,2270,6
0,2271,6
0,2272,6
0,2273,5
0,2274,5
0,2275,5
0,2276,5
0,2277,4
0,2278,4
0,2279,4
0,2280,4
0,2281,4
0,2282,4
0,2283,4
0,2284,4
0,2285,5
0,2286,5
0,2287,5
0,2288,4
0,2289,7
0,2290,7
0,2291,5
0,2292,5
0,2293,7
0,2294,7
0,2295,7
0,2296,7
0,2297,8
0,2298,6
0,2299,6
0,2300,6
0,2301,7
0,2302,6
0,2303,6
0,2304,5
0,2305,6
0,2306,6
0,2307,7
0,2308,5
0,2309,5
0,2310,5
0,2311,5
0,2312,5
0,2313,5
0,2314,5
0,2315,8
0,2316,8
0,2317,6
0,2318,8
0,2319,5
0,2320,6
0,2321,5
0,2322,5
0,2323,5
0,2324,5
0,2325,5
0,2326,5
0,2327,5
0,2328,7
0,2329,7
0,2330,6
0,2331,5
0,2332,5
0,2333,3
0,2334,5
0,2335,5
0,2336,5
0,2337,5
0,2338,5
0,2339,8
0,2340,8
0,2341,5
0,2342,8
0,2343,5
0,2344,4
0,2345,5
0,2346,8
0,2347,6
0,2348,5
0,2349,6
0,2350,6
0,2351,8
0,2352,8
0,2353,6
0,2354,5
0,2355,6
0,2356,6
0,2357,8
0,2358,4
0,2359,4
0,2360,5
0,2361,5
0,2362,4
0,2363,7
0,2364,7
0,2365,7
0,2366,5
0,2367,7
0,2368,7
0,2369,7
0,2370,6
0,2371,7
0,2372,7
0,2373,7
0,2374,5
0,2375,5
0,2376,5
0,2377,5
0,2378,5
0,2379,5
0,2380,5
0,2381,5
0,2382,5
0,2383,5
0,2384,5
0,2385,5
0,2386,5
0,2387,5
0,2388,7
0,2389,7
0,2390,7
0,2391,7
0,2392,4
0,2393,8
0,2394,5
0,2395,5
0,2396,5
0,2397,5
0,2398,5
0,2399,4
0,2400,5
0,2401,5
0,2402,5
0,2403,5
0,2404,5
0,2405,5
0,2406,5
0,2407,5
0,2408,5
0,2409,3
0,2410,3
0,2411,3
0,2412,3
0,2413,3
0,2414,3
0,2415,3
0,2416,6
0,2417,11
0,2418,5
0,2419,7
0,2420,6
0,2421,6
0,2422,5
0,2423,7
0,2424,5
0,2425,5
0,2427,7
0,2428,5
0,2429,7
0,2430,6
0,2431,5
0,2432,7
0,2433,4
0,2434,7
0,2435,7
0,2436,7
0,2437,7
0,2438,7
0,2439,9
0,2440,9
0,2441,6
0,2442,6
0,2443,5
0,2444,7
0,2445,6
0,2446,11
0,2447,7
0,2448,6
0,2449,6
0,2450,7
0,2451,4
0,2452,8
0,2453,5
0,2454,8
0,2455,8
0,2456,5
0,2457,8
0,2458,8
0,2459,8
0,2460,8
0,2461,6
0,2462,5
0,2463,6
0,2464,5
0,2465,5
0,2466,5
0,2467,6
0,2468,6
0,2469,6
0,2470,6
0,2471,6
0,2472,5
0,2473,5
0,2474,5
0,2475,6
0,2476,4
0,2477,6
0,2478,6
0,2479,5
0,2480,6
0,2481,6
0,2482,8
0,2483,8
0,2484,8
0,2485,8
0,2486,5
0,2487,8
0,2488,8
0,2489,6
0,2490,5
0,2491,7
0,2492,6
0,2493,4
0,2494,3
0,2495,6
0,2496,8
0,2497,6
0,2498,5
0,2499,6
0,2500,5
0,2501,8
0,2502,6
0,2503,8
0,2504,6
0,2505,12
0,2506,8
0,2507,8
0,2508,12
0,2509,12
0,2510,12
0,2511,7
0,2512,12
0,2513,12
0,2514,5
0,2515,5
0,2516,5
0,2517,5
0,2518,5
0,2519,6
0,2520,7
0,2521,7
0,2522,7
0,2523,6
0,2524,4
0,2525,7
0,2526,8
0,2527,6
0,2528,6
0,2529,6
0,2530,7
0,2531,7
0,2532,6
0,2533,7
0,2534,7
0,2535,6
0,2536,6
0,2537,6
0,2538,5
0,2539,8
0,2540,7
0,2541,8
0,2542,8
0,2543,7
0,2544,5
0,2545,8
0,2546,6
0,2547,5
0,2548,6
0,2549,9
0,2550,8
0,2551,5
0,2552,4
0,2553,5
0,2554,5
0,2555,6
0,2556,7
0,2557,7
0,2558,6
0,2559,6
0,2560,9
0,2561,6
0,2562,5
0,2563,5
0,2564,7
0,2565,8
0,2566,7
0,2567,8
0,2568,6
0,2569,6
0,2570,5
0,2571,6
0,2572,6
0,2573,7
0,2574,7
0,2575,6
0,2576,7
0,2577,6
0,2578,4
0,2579,4
0,2580,4
0,2581,4
0,2582,6
0,2583,6
0,2584,6
0,2585,6
0,2586,8
0,2587,7
0,2588,6
0,2589,7
0,2590,7
0,2591,7
0,2592,6
0,2593,4
0,2594,5
0,2595,4
0,2596,5
0,2597,4
0,2598,4
0,2599,4
0,2600,4
0,2601,4
0,2602,5
0,2603,5
0,2604,5
0,2605,5
0,2606,5
0,2607,5
0,2608,5
0,2609,5
0,2610,5
0,2611,7
0,2612,4
0,2613,7
0,2614,4
0,2615,4
0,2616,4
0,2617,4
0,2618,4
0,2619,4
0,2620,4
0,2621,6
0,2622,10
0,2623,10
0,2624,4
0,2625,4
0,2626,7
0,2627,8
0,2628,7
0,2629,5
0,2630,4
0,2631,6
0,2632,6
0,2633,6
0,2634,3
0,2635,3
0,2636,3
0,2637,3
0,2638,3
0,2639,3
0,2640,3
0,2641,6
0,2642,5
0,2643,5
0,2644,6
0,2645,5
0,2646,5
0,2647,5
0,2648,5
0,2649,5
0,2650,5
0,2651,5
0,2652,5
0,2653,5
0,2654,5
0,2655,6
0,2656,6
0,2657,6
0,2658,5
0,2659,8
0,2660,6
0,2661,7
0,2662,6
0,2663,7
0,2664,6
0,2665,7
0,2666,5
0,2667,6
0,2668,8
0,2669,8
0,2670,6
0,2671,5
0,2672,6
0,2673,5
0,2674,7
0,2675,7
0,2676,7
0,2677,5
0,2678,8
0,2679,8
0,2680,8
0,2681,6
0,2682,8
0,2683,5
0,2684,6
0,2685,9
0,2686,6
0,2687,5
0,2688,6
0,2689,6
0,2690,3
0,2691,8
0,2692,8
0,2693,6
0,2694,8
0,2695,6
0,2696,8
0,2697,6
0,2698,8
0,2699,7
0,2700,7
0,2701,7
0,2702,7
0,2703,7
0,2704,7
0,2705,4
0,2706,4
0,2707,5
0,2708,5
0,2709,5
0,2710,5
0,2711,5
0,2712,5
0,2713,9
0,2714,7
0,2715,7
0,2716,7
0,2717,7
0,2718,7
0,2719,5
0,2720,4
0,2721,4
0,2722,6
0,2723,5
0,2724,5
0,2725,6
0,2726,5
0,2727,6
0,2728,6
0,2729,6
0,2730,6
0,2731,6
0,2732,6
0,2733,4
0,2734,5
0,2735,5
0,2736,5
0,2737,5
0,2738,6
0,2739,6
0,2740,6
0,2741,6
0,2742,6
0,2743,6
0,2744,5
0,2745,5
0,2746,4
0,2747,5
0,2748,3
0,2749,3
0,2750,3
0,2751,3
0,2752,3
0,2753,6
0,2754,6
0,2755,6
0,2756,4
0,2757,4
0,2758,4
0,2759,4
0,2760,4
0,2761,4
0,2762,6
0,2763,6
0,2764,5
0,2765,6
0,2766,6
0,2767,6
0,2768,6
0,2769,6
0,2770,6
0,2771,7
0,2772,7
0,2773,7
0,2774,8
0,2775,7
0,2776,6
0,2777,6
0,2778,7
0,2779,5
0,2780,7
0,2781,5
0,2782,7
0,2783,6
0,2784,6
0,2785,4
0,2786,6
0,2787,5
0,2788,5
0,2789,5
0,2790,5
0,2791,6
0,2792,6
0,2793,7
0,2794,6
0,2795,5
0,2796,7
0,2797,7
0,2798,6
0,2799,6
0,2800,8
0,2801,8
0,2802,7
0,2803,7
0,2804,7
0,2805,5
0,2806,7
0,2807,8
0,2808,4
0,2809,4
0,2810,4
0,2811,4
0,2812,4
0,2813,4
0,2814,4
0,2815,4
0,2816,4
0,2817,4
0,2818,4
0,2819,4
0,2820,4
0,2821,6
0,2822,6
0,2823,4
0,2825,7
0,2826,7
0,2828,7
0,2829,8
0,2833,7
0,2836,9
0,2837,5
0,2838,5
0,2839,5
0,2840,5
0,2841,5
0,2842,5
0,2843,5
0,2844,6
0,2846,5
0,2847,6
0,2848,6
0,2849,6
0,2850,6
0,2851,6
0,2852,6
0,2853,6
0,2854,6
0,2855,8
0,2856,8
0,2857,8
0,2858,5
0,2859,6
0,2860,8
0,2861,5
0,2862,7
0,2863,7
0,2864,7
0,2865,6
0,2866,6
0,2867,4
0,2868,5
0,2869,5
0,2870,6
0,2871,5
0,2872,6
0,2873,6
0,2874,7
0,2875,7
0,2876,7
0,2877,9
0,2878,7
0,2879,9
0,2880,4
0,2881,5
0,2882,9
0,2883,8
0,2884,5
0,2885,5
0,2886,6
0,2887,6
0,2888,7
0,2889,6
0,2890,7
0,2891,7
0,2892,6
0,2893,6
0,2894,6
0,2895,7
0,2896,7
0,2897,7
0,2898,7
0,2899,8
0,2900,8
0,2901,7
0,2902,8
0,2903,5
0,2904,5
0,2905,5
0,2906,5
0,2907,7
0,2908,6
0,2909,6
0,2910,6
0,2911,6
0,2912,7
0,2913,10
0,2914,5
0,2915,10
0,2916,6
0,2917,9
0,2918,6
0,2919,9
0,2920,8
0,2921,8
0,2922,7
0,2923,6
0,2924,8
0,2925,6
0,2926,7
0,2927,7
0,2928,6
0,2929,7
0,2930,7
0,2931,5
0,2932,6
0,2933,6
0,2934,6
0,2935,5
0,2936,5
0,2937,7
0,2938,7
0,2939,7
0,2940,7
0,2941,6
0,2942,6
0,2943,6
0,2944,6
0,2945,7
0,2946,7
0,2947,7
0,2948,6
0,2949,6
0,2950,6
0,2951,5
0,2952,6
0,2953,4
0,2954,6
0,2955,6
0,2956,7
0,2957,7
0,2958,7
0,2959,6
0,2960,6
0,2961,6
0,2962,8
0,2963,8
0,2964,4
0,2965,6
0,2966,5
0,2967,8
0,2968,7
0,2969,7
0,2970,7
0,2971,6
0,2972,4
0,2973,4
0,2974,4
0,2975,4
0,2976,4
0,2977,4
0,2978,8
0,2979,8
0,2980,6
0,2981,6
0,2982,5
0,2983,8
0,2984,6
0,2985,7
0,2986,7
0,2987,9
0,2988,9
0,2989,9
0,2990,9
0,2991,9
0,2992,8
0,2993,6
0,2994,7
0,2995,7
0,2996,4
0,2997,4
0,2998,4
0,2999,4
0,3000,4
0,3001,4
0,3002,2
0,3003,7
0,3004,6
0,3005,7
0,3006,6
0,3007,7
0,3008,7
0,3009,7
0,3010,6
0,3011,7
0,3012,7
0,3013,7
0,3014,7
0,3015,7
0,3016,6
0,3017,6
0,3018,9
0,3019,6
0,3020,9
0,3021,7
0,3022,6
0,3023,3
0,3024,6
0,3025,6
0,3026,6
0,3027,4
0,3028,6
0,3029,6
0,3030,6
0,3031,6
0,3032,5
0,3033,5
0,3034,6
0,3035,7
0,3036,10
0,3037,10
0,3038,6
0,3039,6
0,3040,6
0,3041,6
0,3042,6
0,3043,6
0,3044,10
0,3045,7
0,3046,6
0,3047,7
0,3048,7
0,3049,7
0,3050,7
0,3051,8
0,3052,7
0,3053,5
0,3054,8
0,3055,5
0,3056,6
0,3057,6
0,3058,5
0,3059,5
0,3060,5
0,3061,5
0,3062,5
0,3063,5
0,3064,5
0,3065,6
0,3066,4
0,3067,5
0,3069,8
0,3070,5
0,3071,6
0,3076,8
0,3077,7
0,3079,5
0,3080,5
0,3081,6
0,3082,6
0,3083,6
0,3084,7
0,3085,9
0,3086,8
0,3087,7
0,3088,8
0,3089,7
0,3090,7
0,3091,7
0,3092,7
0,3093,5
0,3094,7
0,3095,6
0,3096,4
0,3097,6
0,3098,6
0,3100,9
0,3102,6
0,3104,8
0,3105,6
0,3106,6
0,3107,7
0,3108,5
0,3109,4
0,3110,6
0,3111,6
0,3112,6
0,3113,5
0,3114,5
0,3115,6
0,3116,7
0,3117,6
0,3118,7
0,3119,5
0,3120,5
0,3121,5
0,3122,5
0,3123,5
0,3124,5
0,3125,5
0,3126,5
0,3127,5
0,3128,9
0,3129,5
0,3130,9
0,3131,9
0,3132,5
0,3133,6
0,3134,6
0,3135,9
0,3136,6
0,3137,3
0,3138,3
0,3139,3
0,3140,3
0,3141,3
0,3142,6
0,3143,6
0,3144,6
0,3145,6
0,3146,4
0,3147,4
0,3148,8
0,3149,6
0,3150,7
0,3151,7
0,3152,7
0,3153,6
0,3154,9
0,3155,9
0,3156,6
0,3157,9
0,3158,7
0,3159,7
0,3160,7
0,3161,7
0,3162,4
0,3163,4
0,3164,4
0,3165,4
0,3166,4
0,3167,4
0,3168,4
0,3169,4
0,3170,5
0,3171,6
0,3172,6
0,3173,6
0,3174,6
0,3175,6
0,3176,6
0,3177,6
0,3178,6
0,3179,6
0,3180,7
0,3181,7
0,3184,6
0,3185,6
0,3186,10
0,3187,5
0,3188,6
0,3189,8
0,3190,8
0,3191,7
0,3192,6
0,3193,6
0,3194,5
0,3195,9
0,3196,6
0,3197,8
0,3198,10
0,3199,6
0,3200,6
0,3201,6
0,3202,7
0,3203,7
0,3204,6
0,3205,5
0,3206,8
0,3207,5
0,3208,8
0,3209,6
0,3210,7
0,3211,4
0,3212,5
0,3213,6
0,3214,8
0,3215,4
0,3216,3
0,3217,7
0,3218,7
0,3219,6
0,3220,5
0,3221,5
0,3222,9
0,3223,6
0,3224,6
0,3225,6
0,3226,6
0,3227,4
0,3228,4
0,3229,4
0,3230,5
0,3231,5
0,3232,5
0,3233,5
0,3234,5
0,3235,4
0,3236,8
0,3237,6
0,3238,7
0,3239,7
0,3240,7
0,3241,5
0,3242,7
0,3243,6
0,3244,10
0,3245,7
0,3247,6
0,3248,6
0,3249,5
0,3250,6
0,3251,6
0,3252,6
0,3253,6
0,3254,8
0,3255,8
0,3256,8
0,3257,6
0,3258,6
0,3259,6
0,3260,6
0,3261,6
0,3262,6
0,3263,7
0,3264,7
0,3265,7
0,3266,6
0,3267,7
0,3268,7
0,3269,7
0,3270,7
0,3271,7
0,3272,8
0,3273,6
0,3274,9
0,3275,6
0,3276,8
0,3277,9
0,3278,9
0,3279,9
0,3280,5
0,3281,5
0,3282,5
0,3283,5
0,3284,7
0,3285,7
0,3286,7
0,3287,7
0,3288,5
0,3289,5
0,3290,6
0,3291,9
0,3292,6
0,3293,7
0,3294,9
0,3295,6
0,3296,5
0,3297,6
0,3298,5
0,3299,5
0,3300,5
0,3301,5
0,3302,9
0,3303,8
0,3304,7
0,3305,7
0,3306,7
0,3307,6
0,3308,6
0,3309,6
0,3310,4
0,3311,7
0,3312,5
0,3313,7
0,3314,7
0,3315,7
0,3316,7
0,3317,7
0,3318,7
0,3319,6
0,3320,7
0,3321,7
0,3322,7
0,3323,5
0,3324,12
0,3325,7
0,3326,6
0,3327,5
0,3328,5
0,3329,6
0,3330,6
0,3331,6
0,3332,6
0,3333,6
0,3334,5
0,3335,5
0,3336,4
0,3337,4
0,3338,7
0,3339,7
0,3340,7
0,3341,6
0,3342,6
0,3343,6
0,3344,4
0,3345,6
0,3346,5
0,3347,6
0,3348,8
0,3349,5
0,3350,6
0,3351,6
0,3352,5
0,3354,4
0,3355,8
0,3356,8
0,3357,5
0,3358,6
0,3359,7
0,3360,6
0,3361,6
0,3362,4
0,3363,6
0,3364,4
0,3365,5
0,3366,5
0,3367,5
0,3368,5
0,3369,7
0,3370,8
0,3371,6
0,3372,7
0,3373,4
0,3374,4
0,3375,4
0,3376,4
0,3377,8
0,3378,9
0,3379,6
0,3380,6
0,3381,6
0,3382,4
0,3383,4
0,3384,6
0,3385,5
0,3386,7
0,3387,7
0,3388,7
0,3389,5
0,3390,5
0,3391,5
0,3392,5
0,3393,5
0,3394,4
0,3395,4
0,3397,5
0,3399,6
0,3400,6
0,3401,6
0,3402,6
0,3403,5
0,3404,7
0,3405,5
0,3406,7
0,3407,7
0,3408,4
0,3409,4
0,3410,5
0,3411,5
0,3412,7
0,3413,3
0,3414,3
0,3415,3
0,3416,3
0,3417,3
0,3418,3
0,3419,5
0,3420,6
0,3421,6
0,3422,6
0,3423,5
0,3424,6
0,3425,6
0,3426,6
0,3427,6
0,3428,6
0,3429,5
0,3430,6
0,3431,6
0,3432,6
0,3433,6
0,3434,6
0,3435,6
0,3436,6
0,3437,6
0,3438,6
0,3439,5
0,3440,6
0,3441,5
0,3442,5
0,3443,7
0,3444,7
0,3445,7
0,3446,6
0,3447,7
0,3448,5
0,3449,7
0,3450,6
0,3451,6
0,3452,6
0,3453,5
0,3454,6
0,3455,7
0,3456,7
0,3457,6
0,3458,7
0,3459,6
0,3460,6
0,3461,7
0,3462,5
0,3463,5
0,3464,5
0,3465,5
0,3466,5
0,3467,5
0,3468,7
0,3469,7
0,3470,7
0,3471,6
0,3473,5
0,3475,6
0,3476,7
0,3477,7
0,3478,7
0,3479,6
0,3480,7
0,3481,7
0,3482,7
0,3483,7
0,3484,5
0,3485,6
0,3486,7
0,3487,6
0,3488,5
0,3489,6
0,3490,6
0,3491,7
0,3492,7
0,3493,7
0,3494,7
0,3495,6
0,3496,7
0,3497,6
0,3498,6
0,3499,6
0,3500,9
0,3501,7
0,3502,9
0,3503,7
0,3504,9
0,3506,7
0,3507,7
0,3508,7
0,3509,5
0,3510,7
0,3511,6
0,3512,7
0,3513,7
0,3514,7
0,3515,7
0,3516,6
0,3517,9
0,3518,9
0,3519,7
0,3520,12
0,3521,12
0,3522,12
0,3523,6
0,3524,6
0,3525,12
0,3526,6
0,3527,8
0,3528,9
0,3529,9
0,3530,4
0,3531,6
0,3532,7
0,3533,6
0,3534,6
0,3535,6
0,3536,8
0,3537,8
0,3538,6
0,3539,8
0,3540,8
0,3542,8
0,3543,6
0,3544,8
0,3545,8
0,3546,8
0,3547,6
0,3548,8
0,3549,7
0,3550,6
0,3551,5
0,3552,6
0,3553,6
0,3554,7
0,3555,7
0,3556,8
0,3557,6
0,3558,5
0,3559,8
0,3560,8
0,3561,8
0,3562,6
0,3563,4
0,3564,7
0,3565,6
0,3566,6
0,3567,8
0,3568,7
0,3569,5
0,3570,5
0,3571,7
0,3572,7
0,3573,9
0,3574,6
0,3575,9
0,3576,6
0,3577,3
0,3578,3
0,3579,3
0,3580,3
0,3581,3
0,3582,3
0,3583,7
0,3584,8
0,3585,9
0,3586,5
0,3587,6
0,3588,9
0,3589,5
0,3590,5
0,3593,6
0,3594,7
0,3595,6
0,3596,6
0,3597,6
0,3598,6
0,3599,6
0,3600,7
0,3601,7
0,3602,7
0,3603,7
0,3604,7
0,3605,7
0,3606,7
0,3607,5
0,3608,6
0,3609,6
0,3612,6
0,3613,6
0,3614,7
0,3615,5
0,3616,5
0,3617,5
0,3618,5
0,3619,4
0,3620,7
0,3621,7
0,3622,8
0,3623,8
0,3624,8
0,3625,7
0,3626,6
0,3627,8
0,3628,8
0,3629,7
0,3630,10
0,3631,10
0,3632,7
0,3633,7
0,3634,6
0,3635,6
0,3636,6
0,3637,4
0,3638,7
0,3639,6
0,3640,6
0,3641,6
0,3642,6
0,3643,6
0,3644,6
0,3645,6
0,3646,6
0,3647,6
0,3648,6
0,3649,6
0,3650,6
0,3651,6
0,3652,6
0,3653,6
0,3654,6
0,3655,6
0,3656,6
0,3657,6
0,3658,6
0,3659,6
0,3660,5
0,3661,6
0,3662,6
0,3663,6
0,3664,6
0,3665,6
0,3666,6
0,3667,6
0,3668,6
0,3669,7
0,3670,5
0,3671,5
0,3672,3
0,3673,8
0,3674,7
0,3675,6
0,3676,6
0,3677,3
0,3678,3
0,3679,3
0,3680,5
0,3681,6
0,3682,6
0,3683,5
0,3684,6
0,3685,5
0,3686,5
0,3687,4
0,3688,7
0,3689,7
0,3690,7
0,3691,7
0,3692,7
0,3693,6
0,3694,6
0,3695,5
0,3696,7
0,3697,7
0,3698,6
0,3699,5
0,3700,4
0,3701,4
0,3702,4
0,3703,9
0,3704,9
0,3705,6
0,3706,8
0,3707,9
0,3708,7
0,3709,7
0,3710,6
0,3711,8
0,3712,7
0,3713,6
0,3714,5
0,3715,4
0,3716,7
0,3717,5
0,3718,6
0,3719,5
0,3720,6
0,3721,6
0,3722,4
0,3723,4
0,3724,4
0,3725,5
0,3726,6
0,3727,5
0,3728,5
0,3729,5
0,3730,5
0,3731,5
0,3732,5
0,3733,6
0,3734,6
0,3735,5
0,3736,6
0,3737,6
0,3738,6
0,3739,8
0,3740,6
0,3741,7
0,3742,8
0,3743,6
0,3744,7
0,3745,7
0,3746,7
0,3747,7
0,3748,7
0,3749,5
0,3750,4
0,3751,8
0,3752,6
0,3753,8
0,3754,7
0,3755,5
0,3756,6
0,3757,7
0,3758,8
0,3759,5
0,3760,8
0,3761,8
0,3762,8
0,3763,8
0,3764,6
0,3765,8
0,3766,9
0,3767,6
0,3768,6
0,3769,7
0,3770,9
0,3771,4
0,3772,4
0,3773,9
0,3774,9
0,3775,7
0,3776,9
0,3777,5
0,3778,5
0,3779,5
0,3780,5
0,3781,5
0,3782,5
0,3783,5
0,3784,5
0,3785,5
0,3786,5
0,3787,5
0,3788,5
0,3789,5
0,3790,8
0,3791,5
0,3792,8
0,3793,8
0,3794,6
0,3795,6
0,3796,6
0,3797,6
0,3798,5
0,3799,8
0,3800,8
0,3801,4
0,3802,8
0,3803,8
0,3804,7
0,3805,8
0,3806,6
0,3807,6
0,3808,6
0,3809,6
0,3810,6
0,3811,6
0,3812,6
0,3813,6
0,3814,6
0,3815,6
0,3816,6
0,3817,6
0,3818,6
0,3819,6
0,3820,6
0,3821,4
0,3822,4
0,3823,5
0,3824,5
0,3825,5
0,3826,6
0,3827,6
0,3828,7
0,3829,6
0,3830,7
0,3831,7
0,3832,7
0,3833,6
0,3834,5
0,3835,5
0,3836,5
0,3837,5
0,3838,5
0,3839,5
0,3840,5
0,3841,5
0,3842,6
0,3843,6
0,3844,6
0,3845,6
0,3846,6
0,3847,6
0,3848,6
0,3849,4
0,3850,6
0,3851,5
0,3852,5
0,3853,5
0,3854,5
0,3855,5
0,3856,6
0,3857,8
0,3858,7
0,3859,7
0,3860,7
0,3861,6
0,3862,6
0,3863,6
0,3864,8
0,3865,5
0,3866,7
0,3867,7
0,3868,7
0,3869,7
0,3870,7
0,3871,5
0,3872,7
0,3873,7
0,3874,4
0,3875,8
0,3876,8
0,3877,7
0,3878,8
0,3879,6
0,3880,6
0,3881,6
0,3882,5
0,3883,6
0,3884,6
0,3885,6
0,3886,7
0,3887,7
0,3888,13
0,3889,7
0,3890,7
0,3891,6
0,3892,6
0,3893,4
0,3894,5
0,3895,6
0,3896,6
0,3897,4
0,3898,8
0,3899,8
0,3900,7
0,3901,9
0,3902,9
0,3903,5
0,3904,7
0,3905,6
0,3906,7
0,3907,7
0,3908,5
0,3909,8
0,3910,8
0,3911,8
0,3912,7
0,3913,8
0,3914,4
0,3915,4
0,3916,7
0,3917,6
0,3918,6
0,3919,8
0,3920,8
0,3921,5
0,3922,6
0,3923,5
0,3924,5
0,3925,5
0,3926,5
0,3927,5
0,3928,6
0,3929,5
0,3930,7
0,3931,4
0,3932,4
0,3933,4
0,3934,4
0,3935,4
0,3936,4
0,3937,4
0,3938,7
0,3939,7
0,3940,7
0,3941,7
0,3942,6
0,3943,7
0,3944,7
0,3945,7
0,3946,4
0,3947,7
0,3948,7
0,3949,7
0,3950,7
0,3951,5
0,3952,5
0,3953,5
0,3954,5
0,3955,5
0,3956,5
0,3957,5
0,3958,6
0,3959,6
0,3960,6
0,3961,6
0,3962,5
0,3963,5
0,3964,5
0,3965,5
0,3966,5
0,3967,5
0,3968,5
0,3969,5
0,3970,5
0,3971,5
0,3972,5
0,3973,5
0,3974,5
0,3975,5
0,3976,5
0,3977,5
0,3978,5
0,3979,6
0,3980,5
0,3981,5
0,3982,6
0,3983,6
0,3984,6
0,3985,8
0,3986,8
0,3987,8
0,3988,6
0,3989,6
0,3990,6
0,3991,6
0,3992,6
0,3993,7
0,3994,6
0,3995,5
0,3996,7
0,3997,6
0,3998,6
0,3999,6
0,4000,9
0,4001,6
0,4002,5
0,4003,8
0,4004,6
0,4005,6
0,4006,6
0,4007,6
0,4008,9
0,4009,5
0,4010,6
0,4011,9
0,4012,7
0,4013,7
0,4014,6
0,4015,6
0,4016,6
0,4017,5
0,4018,6
0,4019,6
0,4020,6
0,4021,6
0,4022,6
0,4023,6
0,4024,6
0,4025,6
0,4026,6
0,4027,8
0,4028,6
0,4029,8
0,4030,4
0,4031,6
0,4032,6
0,4033,6
0,4034,7
0,4035,7
0,4036,7
0,4037,5
0,4038,7
0,4039,6
0,4040,7
0,4041,6
0,4042,6
0,4043,6
0,4044,6
0,4045,5
0,4046,5
0,4047,5
0,4048,5
0,4049,5
0,4050,8
0,4051,8
0,4052,8
0,4053,6
0,4054,6
0,4055,6
0,4056,5
0,4057,6
0,4058,6
0,4059,5
0,4060,6
0,4061,6
0,4062,6
0,4063,6
0,4064,6
0,4065,6
0,4066,6
0,4067,6
0,4068,5
0,4069,6
0,4070,6
0,4071,6
0,4072,6
0,4073,8
0,4074,7
0,4075,7
0,4076,8
0,4077,7
0,4078,8
0,4079,8
0,4080,5
0,4081,5
0,4082,6
0,4083,6
0,4084,6
0,4085,5
0,4086,5
0,4087,6
0,4088,6
0,4089,4
0,4090,4
0,4091,4
0,4092,7
0,4093,5
0,4094,6
0,4095,6
0,4096,6
0,4097,6
0,4098,6
0,4099,6
0,4100,6
0,4101,6
0,4102,7
0,4103,7
0,4104,7
0,4105,5
0,4106,9
0,4107,6
0,4108,9
0,4109,7
0,4110,9
0,4111,5
0,4112,7
0,4113,6
0,4114,7
0,4115,7
0,4116,6
0,4117,6
0,4118,6
0,4119,6
0,4120,7
0,4121,5
0,4122,5
0,4123,5
0,4124,7
0,4125,9
0,4126,8
0,4127,6
0,4128,6
0,4129,4
0,4130,6
0,4131,5
0,4132,6
0,4133,7
0,4134,7
0,4135,7
0,4136,7
0,4137,8
0,4138,13
0,4139,9
0,4140,13
0,4141,7
0,4142,9
0,4143,5
0,4144,6
0,4145,6
0,4146,6
0,4147,6
0,4148,6
0,4149,6
0,4150,6
0,4151,6
0,4152,5
0,4153,4
0,4154,5
0,4155,8
0,4156,5
0,4157,8
0,4158,7
0,4159,4
0,4160,6
0,4161,7
0,4162,7
0,4163,6
0,4164,6
0,4165,5
0,4166,6
0,4167,6
0,4168,6
0,4169,6
0,4170,6
0,4171,7
0,4172,4
0,4173,6
0,4174,7
0,4175,8
0,4176,7
0,4177,7
0,4178,7
0,4179,7
0,4180,3
0,4181,3
0,4182,6
0,4183,6
0,4184,6
0,4185,8
0,4186,8
0,4187,8
0,4188,8
0,4189,5
0,4190,5
0,4191,5
0,4192,5
0,4193,5
0,4194,6
0,4195,6
0,4196,6
0,4197,6
0,4198,6
0,4199,5
0,4200,5
0,4201,5
0,4202,5
0,4203,5
0,4204,5
0,4205,6
0,4206,6
0,4207,6
0,4208,6
0,4209,6
0,4210,5
0,4211,5
0,4212,5
0,4213,5
0,4214,5
0,4215,5
0,4216,5
0,4217,5
0,4218,5
0,4219,5
0,4220,5
0,4221,5
0,4222,5
0,4223,5
0,4224,5
0,4225,8
0,4226,11
0,4227,7
0,4228,6
0,4229,4
0,4230,4
0,4231,4
0,4232,4
0,4233,4
0,4234,4
0,4235,4
0,4236,6
0,4237,5
0,4238,4
0,4239,4
0,4240,7
0,4241,7
0,4242,7
0,4243,6
0,4244,6
0,4245,8
0,4246,9
0,4247,7
0,4248,5
0,4249,7
0,4250,5
0,4251,7
0,4252,9
0,4253,9
0,4254,6
0,4255,9
0,4256,7
0,4257,6
0,4258,4
0,4259,4
0,4260,4
0,4261,4
0,4262,7
0,4263,7
0,4264,7
0,4265,7
0,4266,8
0,4267,8
0,4268,8
0,4269,8
0,4270,5
0,4271,9
0,4272,6
0,4273,6
0,4274,8
0,4275,6
0,4276,8
0,4277,6
0,4278,6
0,4279,6
0,4280,6
0,4281,5
0,4282,7
0,4283,8
0,4284,6
0,4285,6
0,4286,5
0,4287,6
0,4288,6
0,4289,6
0,4290,5
0,4291,5
0,4292,6
0,4293,6
0,4294,7
0,4295,6
0,4296,6
0,4297,6
0,4298,5
0,4299,5
0,4300,4
0,4301,4
0,4302,4
0,4303,7
0,4304,6
0,4305,8
0,4306,7
0,4307,7
0,4308,7
0,4309,7
0,4310,8
0,4311,6
0,4312,9
0,4313,9
0,4314,9
0,4315,6
0,4316,5
0,4317,5
0,4318,6
0,4319,6
0,4320,7
0,4321,5
0,4322,5
0,4323,5
0,4324,5
0,4325,8
0,4327,8
0,4328,9
0,4330,6
0,4332,6
0,4333,6
0,4334,6
0,4335,7
0,4336,7
0,4337,7
0,4338,8
0,4339,7
0,4340,8
0,4341,6
0,4342,6
0,4343,6
0,4344,7
0,4345,7
0,4346,7
0,4347,7
0,4348,6
0,4349,7
0,4350,7
0,4351,7
0,4352,7
0,4353,7
0,4354,7
0,4355,7
0,4356,7
0,4357,8
0,4358,8
0,4359,5
0,4360,7
0,4361,5
0,4362,7
0,4363,7
0,4364,7
0,4365,8
0,4366,8
0,4367,9
0,4368,6
0,4369,5
0,4370,7
0,4371,5
0,4372,7
0,4373,6
0,4374,7
0,4375,7
0,4376,7
0,4377,8
0,4378,8
0,4379,8
0,4380,7
0,4381,8
0,4382,7
0,4383,8
0,4384,9
0,4385,9
0,4386,9
0,4387,6
0,4388,6
0,4389,8
0,4390,8
0,4391,8
0,4392,8
0,4393,6
0,4394,8
0,4395,6
0,4396,8
0,4397,7
0,4398,8
0,4399,6
0,4400,6
0,4401,6
0,4402,6
0,4403,6
0,4404,6
0,4405,5
0,4406,5
0,4407,7
0,4408,4
0,4409,5
0,4410,5
0,4411,5
0,4412,6
0,4413,6
0,4414,6
0,4415,7
0,4416,7
0,4417,7
0,4418,8
0,4419,6
0,4420,8
0,4421,7
0,4422,7
0,4423,7
0,4424,7
0,4425,4
0,4426,6
0,4427,7
0,4428,6
0,4429,8
0,4430,7
0,4431,6
0,4432,7
0,4433,7
0,4434,6
0,4435,7
0,4436,5
0,4437,4
0,4438,6
0,4439,7
0,4440,9
0,4441,6
0,4442,8
0,4443,9
0,4444,5
0,4445,8
0,4446,10
0,4447,8
0,4448,7
0,4449,7
0,4450,7
0,4451,6
0,4452,7
0,4453,6
0,4454,8
0,4455,4
0,4456,8
0,4457,8
0,4458,8
0,4459,4
0,4460,7
0,4461,7
0,4462,7
0,4463,6
0,4464,6
0,4465,6
0,4466,7
0,4467,7
0,4468,5
0,4469,5
0,4470,5
0,4471,7
0,4472,6
0,4473,7
0,4474,7
0,4475,8
0,4476,5
0,4477,5
0,4478,7
0,4479,11
0,4480,11
0,4481,7
0,4482,7
0,4483,7
0,4484,7
0,4485,7
0,4486,6
0,4487,4
0,4488,6
0,4489,6
0,4490,6
0,4491,6
0,4492,6
0,4494,7
0,4495,7
0,4496,7
0,4497,7
0,4498,7
0,4499,7
0,4501,6
0,4502,6
0,4503,7
0,4504,7
0,4505,9
0,4506,9
0,4507,5
0,4508,9
0,4509,9
0,4510,8
0,4511,8
0,4512,5
0,4513,8
0,4514,8
0,4515,5
0,4516,5
0,4517,5
0,4518,5
0,4519,5
0,4520,5
0,4521,7
0,4522,7
0,4523,7
0,4524,7
0,4525,7
0,4526,6
0,4527,7
0,4528,7
0,4529,7
0,4530,7
0,4531,7
0,4532,7
0,4533,7
0,4534,6
0,4535,7
0,4536,7
0,4537,7
0,4538,7
0,4539,4
0,4540,6
0,4541,7
0,4542,6
0,4543,6
0,4544,10
0,4545,7
0,4546,4
0,4547,4
0,4548,6
0,4549,7
0,4550,7
0,4551,6
0,4552,10
0,4553,5
0,4554,8
0,4555,8
0,4556,8
0,4557,8
0,4558,8
0,4559,8
0,4560,8
0,4561,8
0,4562,8
0,4563,6
0,4564,7
0,4565,7
0,4566,5
0,4567,5
0,4568,5
0,4569,7
0,4570,7
0,4571,7
0,4572,7
0,4573,6
0,4574,7
0,4575,7
0,4576,7
0,4577,6
0,4578,6
0,4579,9
0,4580,8
0,4581,6
0,4582,9
0,4583,6
0,4584,7
0,4585,7
0,4586,4
0,4587,6
0,4588,9
0,4589,6
0,4590,8
0,4591,6
0,4592,7
0,4593,9
0,4594,8
0,4595,8
0,4596,8
0,4597,8
0,4598,8
0,4599,7
0,4600,6
0,4601,6
0,4602,6
0,4603,5
0,4604,10
0,4605,10
0,4606,8
0,4607,7
0,4608,10
0,4609,7
0,4610,7
0,4611,7
0,4612,7
0,4613,7
0,4614,5
0,4615,5
0,4616,5
0,4617,6
0,4618,6
0,4619,6
0,4620,5
0,4621,5
0,4622,5
0,4623,5
0,4624,7
0,4625,5
0,4626,10
0,4627,11
0,4628,6
0,4629,5
0,4632,8
0,4633,7
0,4634,7
0,4635,6
0,4636,7
0,4637,9
0,4638,7
0,4639,6
0,4640,5
0,4641,6
0,4642,8
0,4643,6
0,4644,10
0,4645,7
0,4646,5
0,4647,7
0,4648,6
0,4649,6
0,4650,6
0,4651,6
0,4652,6
0,4653,5
0,4654,7
0,4655,6
0,4656,8
0,4657,6
0,4658,6
0,4659,6
0,4660,6
0,4661,6
0,4662,8
0,4663,7
0,4664,5
0,4665,5
0,4666,5
0,4667,5
0,4668,5
0,4669,6
0,4670,6
0,4671,8
0,4672,8
0,4673,7
0,4674,7
0,4675,7
0,4676,6
0,4677,7
0,4678,8
0,4679,4
0,4680,5
0,4681,5
0,4682,8
0,4683,6
0,4684,6
0,4685,7
0,4686,6
0,4687,7
0,4688,5
0,4689,5
0,4690,7
0,4691,6
0,4692,7
0,4693,6
0,4694,6
0,4695,6
0,4696,9
0,4697,7
0,4698,7
0,4699,7
0,4700,7
0,4701,7
0,4702,7
0,4703,7
0,4704,7
0,4705,5
0,4706,5
0,4707,7
0,4708,7
0,4709,6
0,4710,5
0,4711,5
0,4712,5
0,4713,5
0,4714,5
0,4715,8
0,4716,7
0,4717,7
0,4718,7
0,4719,5
0,4720,5
0,4721,5
0,4722,5
0,4723,5
0,4724,5
0,4725,6
0,4726,6
0,4727,5
0,4728,5
0,4729,5
0,4730,5
0,4731,6
0,4732,6
0,4733,7
0,4734,7
0,4735,6
0,4736,6
0,4737,6
0,4738,6
0,4739,8
0,4740,8
0,4741,7
0,4742,8
0,4746,5
0,4747,8
0,4748,8
0,4749,8
0,4750,6
0,4751,6
0,4752,5
0,4753,5
0,4754,5
0,4755,7
0,4756,7
0,4757,7
0,4758,7
0,4759,7
0,4760,7
0,4761,6
0,4762,6
0,4763,6
0,4764,6
0,4765,6
0,4766,6
0,4767,6
0,4768,6
0,4769,6
0,4770,6
0,4771,7
0,4772,6
0,4773,8
0,4774,8
0,4775,8
0,4776,6
0,4777,8
0,4778,7
0,4779,7
0,4780,7
0,4781,6
0,4782,8
0,4783,7
0,4784,7
0,4785,10
0,4786,10
0,4787,10
0,4788,7
0,4789,7
0,4790,8
0,4791,8
0,4792,8
0,4793,5
0,4794,4
0,4795,13
0,4796,9
0,4797,9
0,4798,9
0,4799,7
0,4800,10
0,4801,6
0,4802,7
0,4803,7
0,4804,7
0,4805,9
0,4806,6
0,4807,9
0,4808,9
0,4809,8
0,4810,9
0,4811,6
0,4812,7
0,4813,8
0,4814,7
0,4815,7
0,4816,7
0,4817,7
0,4818,5
0,4819,8
0,4820,8
0,4821,8
0,4822,9
0,4823,8
0,4824,7
0,4825,6
0,4826,7
0,4827,6
0,4828,7
0,4829,8
0,4830,8
0,4831,8
0,4832,8
0,4833,8
0,4834,10
0,4835,10
0,4836,8
0,4837,8
0,4838,6
0,4839,5
0,4840,5
0,4841,6
0,4842,6
0,4843,6
0,4844,5
0,4845,6
0,4846,6
0,4847,6
0,4848,8
0,4849,8
0,4850,8
0,4851,8
0,4852,7
0,4853,7
0,4854,6
0,4855,7
0,4856,7
0,4857,7
0,4858,6
0,4859,6
0,4860,6
0,4861,6
0,4862,6
0,4863,6
0,4864,6
0,4865,6
0,4866,6
0,4867,7
0,4868,6
0,4869,9
0,4870,6
0,4871,6
0,4872,7
0,4873,6
0,4874,7
0,4875,7
0,4876,5
0,4877,7
0,4878,6
0,4879,7
0,4880,7
0,4881,6
0,4882,6
0,4883,8
0,4884,6
0,4885,6
0,4886,8
0,4887,8
0,4888,6
0,4889,6
0,4890,6
0,4891,5
0,4892,7
0,4893,7
0,4894,5
0,4895,5
0,4896,5
0,4897,5
0,4898,5
0,4899,5
0,4900,8
0,4901,8
0,4902,8
0,4903,8
0,4904,6
0,4905,6
0,4906,5
0,4907,5
0,4908,6
0,4909,6
0,4910,7
0,4911,7
0,4912,6
0,4913,7
0,4914,6
0,4915,7
0,4916,7
0,4917,6
0,4918,9
0,4919,7
0,4920,7
0,4921,7
0,4922,10
0,4923,6
0,4924,6
0,4925,6
0,4926,5
0,4927,5
0,4928,5
0,4929,6
0,4930,7
0,4931,6
0,4932,7
0,4933,7
0,4934,7
0,4935,7
0,4936,7
0,4937,7
0,4938,7
0,4939,5
0,4940,6
0,4941,6
0,4942,6
0,4943,6
0,4944,6
0,4945,6
0,4946,8
0,4947,8
0,4948,7
0,4949,7
0,4950,5
0,4951,6
0,4952,7
0,4953,4
0,4954,6
0,4955,6
0,4956,6
0,4957,6
0,4958,7
0,4959,7
0,4960,7
0,4961,8
0,4962,8
0,4963,6
0,4964,6
0,4965,6
0,4966,6
0,4967,6
0,4968,8
0,4969,7
0,4970,6
0,4971,8
0,4972,8
0,4973,8
0,4974,8
0,4975,7
0,4976,7
0,4977,8
0,4978,8
0,4979,5
0,4980,5
0,4981,6
0,4982,6
0,4983,6
0,4984,8
0,4985,8
0,4986,6
0,4987,8
0,4988,6
0,4989,8
0,4990,8
0,4991,8
0,4992,7
0,4993,8
0,4994,8
0,4995,9
0,4996,9
0,4997,9
0,4998,7
0,4999,8
0,5000,5
0,5001,5
0,5002,6
0,5003,6
0,5004,6
0,5005,8
0,5006,8
0,5007,8
0,5008,5
0,5009,5
0,5010,8
0,5011,8
0,5012,8
0,5013,7
0,5014,5
0,5015,7
0,5016,6
0,5017,5
0,5018,6
0,5019,6
0,5020,6
0,5021,6
0,5022,7
0,5023,6
0,5024,7
0,5025,7
0,5026,9
0,5027,9
0,5028,7
0,5029,6
0,5030,7
0,5031,7
0,5032,7
0,5033,7
0,5034,7
0,5035,7
0,5036,7
0,5037,7
0,5038,10
0,5039,7
0,5040,7
0,5041,7
0,5042,10
0,5043,8
0,5044,10
0,5045,7
0,5046,7
0,5047,6
0,5048,4
0,5049,6
0,5050,7
0,5051,5
0,5052,7
0,5053,5
0,5054,7
0,5055,7
0,5056,6
0,5057,7
0,5058,7
0,5059,7
0,5060,6
0,5061,6
0,5062,6
0,5063,6
0,5064,7
0,5065,7
0,5066,7
0,5067,7
0,5068,5
0,5069,7
0,5070,9
0,5071,9
0,5072,9
0,5073,8
0,5074,6
0,5075,6
0,5076,6
0,5077,7
0,5078,7
0,5079,7
0,5080,6
0,5081,5
0,5082,8
0,5083,6
0,5084,6
0,5085,5
0,5086,7
0,5087,8
0,5088,5
0,5089,7
0,5090,14
0,5091,7
0,5092,6
0,5093,6
0,5094,6
0,5095,6
0,5096,8
0,5097,7
0,5098,7
0,5099,8
0,5100,7
0,5101,6
0,5102,8
0,5103,7
0,5104,7
0,5105,7
0,5106,6
0,5107,7
0,5108,7
0,5109,7
0,5110,7
0,5111,7
0,5112,7
0,5113,7
0,5114,6
0,5115,6
0,5116,5
0,5117,6
0,5118,6
0,5119,6
0,5120,6
0,5121,6
0,5122,7
0,5123,7
0,5124,7
0,5125,7
0,5126,4
0,5127,4
0,5128,4
0,5129,6
0,5130,6
0,5131,6
0,5132,6
0,5133,7
0,5134,7
0,5135,7
0,5136,7
0,5137,6
0,5138,6
0,5139,6
0,5140,6
0,5141,6
0,5142,6
0,5143,6
0,5144,6
0,5145,6
0,5146,7
0,5147,7
0,5148,7
0,5149,6
0,5150,5
0,5151,5
0,5152,5
0,5153,5
0,5154,5
0,5155,6
0,5156,7
0,5157,7
0,5158,7
0,5159,6
0,5160,10
0,5161,7
0,5162,6
0,5163,6
0,5164,6
0,5165,6
0,5166,10
0,5167,10
0,5168,8
0,5169,10
0,5170,6
0,5171,4
0,5172,6
0,5173,6
0,5174,6
0,5175,6
0,5176,7
0,5177,7
0,5178,7
0,5179,5
0,5180,7
0,5181,7
0,5182,6
0,5183,7
0,5184,7
0,5185,7
0,5186,6
0,5187,7
0,5188,7
0,5189,7
0,5190,7
0,5191,7
0,5192,6
0,5193,7
0,5194,7
0,5195,7
0,5196,7
0,5197,7
0,5198,7
0,5199,6
0,5200,6
0,5201,6
0,5202,5
0,5203,5
0,5204,5
0,5205,8
0,5206,10
0,5207,10
0,5208,10
0,5209,4
0,5210,7
0,5211,7
0,5212,7
0,5213,7
0,5214,6
0,5215,6
0,5216,6
0,5217,7
0,5218,7
0,5219,7
0,5220,7
0,5221,7
0,5222,8
0,5223,9
0,5224,6
0,5225,9
0,5226,8
0,5227,8
0,5228,5
0,5229,7
0,5230,8
0,5231,6
0,5232,8
0,5233,8
0,5234,8
0,5235,6
0,5236,6
0,5237,6
0,5238,6
0,5239,6
0,5240,8
0,5241,6
0,5242,8
0,5243,8
0,5244,7
0,5245,7
0,5246,9
0,5247,7
0,5248,9
0,5249,9
0,5250,9
0,5251,9
0,5252,6
0,5253,6
0,5254,6
0,5255,6
0,5256,6
0,5257,6
0,5258,6
0,5259,6
0,5260,7
0,5261,7
0,5262,7
0,5263,7
0,5264,7
0,5265,8
0,5266,8
0,5267,7
0,5268,8
0,5269,8
0,5270,9
0,5271,9
0,5272,7
0,5273,7
0,5274,7
0,5275,7
0,5276,7
0,5277,6
0,5278,7
0,5279,8
0,5280,8
0,5281,7
0,5282,8
0,5283,8
0,5284,10
0,5285,6
0,5286,6
0,5287,7
0,5288,9
0,5289,6
0,5290,9
0,5291,6
0,5292,8
0,5293,7
0,5294,8
0,5295,8
0,5296,7
0,5297,8
0,5298,9
0,5299,9
0,5300,7
0,5301,7
0,5302,5
0,5303,5
0,5304,8
0,5305,10
0,5306,7
0,5307,7
0,5308,6
0,5309,6
0,5310,6
0,5311,6
0,5312,6
0,5313,8
0,5314,7
0,5315,6
0,5316,8
0,5317,12
0,5318,12
0,5319,12
0,5320,7
0,5321,6
0,5322,7
0,5323,8
0,5324,7
0,5325,4
0,5326,7
0,5327,9
0,5328,6
0,5329,9
0,5330,9
0,5331,7
0,5332,7
0,5333,6
0,5334,6
0,5335,6
0,5336,9
0,5337,7
0,5338,4
0,5339,8
0,5340,8
0,5341,8
0,5342,7
0,5343,7
0,5344,8
0,5345,7
0,5346,9
0,5347,9
0,5348,7
0,5349,7
0,5350,6
0,5351,6
0,5352,6
0,5353,6
0,5354,6
0,5355,6
0,5356,6
0,5357,6
0,5358,6
0,5359,8
0,5360,8
0,5361,5
0,5362,8
0,5363,8
0,5364,8
0,5365,7
0,5366,8
0,5367,7
0,5368,7
0,5369,6
0,5370,9
0,5371,9
0,5372,9
0,5373,6
0,5374,9
0,5375,9
0,5376,8
0,5377,9
0,5378,9
0,5379,9
0,5380,8
0,5381,6
0,5382,7
0,5383,7
0,5384,7
0,5385,7
0,5386,7
0,5387,7
0,5388,7
0,5389,7
0,5390,7
0,5391,6
0,5392,7
0,5393,8
0,5395,8
0,5396,7
0,5397,8
0,5398,8
0,5399,8
0,5400,8
0,5401,8
0,5402,8
0,5403,5
0,5404,5
0,5405,5
0,5406,7
0,5407,7
0,5408,7
0,5409,7
0,5410,7
0,5411,9
0,5412,6
0,5413,6
0,5414,5
0,5415,7
0,5416,7
0,5417,6
0,5418,6
0,5419,7
0,5420,7
0,5421,7
0,5422,7
0,5423,6
0,5424,6
0,5425,8
0,5426,7
0,5427,7
0,5428,6
0,5429,7
0,5430,7
0,5431,7
0,5432,7
0,5433,7
0,5434,6
0,5435,6
0,5436,6
0,5437,6
0,5438,6
0,5439,6
0,5440,6
0,5441,6
0,5442,6
0,5443,6
0,5444,6
0,5445,6
0,5446,6
0,5447,8
0,5448,8
0,5449,6
0,5450,6
0,5451,7
0,5452,7
0,5453,6
0,5454,9
0,5455,9
0,5456,7
0,5457,9
0,5458,9
0,5459,8
0,5460,8
0,5462,6
0,5463,6
0,5464,9
0,5465,9
0,5466,9
0,5467,6
0,5468,6
0,5469,7
0,5470,7
0,5471,7
0,5472,7
0,5473,7
0,5474,6
0,5475,7
0,5476,6
0,5477,7
0,5478,7
0,5479,7
0,5480,7
0,5481,7
0,5482,7
0,5483,4
0,5484,6
0,5485,8
0,5486,8
0,5487,6
0,5488,9
0,5489,9
0,5490,6
0,5491,6
0,5492,8
0,5493,8
0,5494,6
0,5495,9
0,5496,6
0,5497,6
0,5498,8
0,5499,10
0,5500,10
0,5501,6
0,5502,6
0,5503,11
0,5504,8
0,5505,11
0,5506,10
0,5507,7
0,5508,7
0,5509,8
0,5510,6
0,5511,10
0,5512,10
0,5513,7
0,5514,7
0,5515,7
0,5516,8
0,5517,8
0,5518,6
0,5519,6
0,5520,6
0,5521,9
0,5522,9
0,5523,8
0,5524,8
0,5525,9
0,5526,7
0,5527,8
0,5528,6
0,5529,8
0,5530,8
0,5531,8
0,5532,8
0,5533,7
0,5534,7
0,5535,7
0,5536,7
0,5541,7
0,5542,7
0,5543,8
0,5544,8
0,5545,8
0,5546,6
0,5547,8
0,5548,8
0,5549,8
0,5550,6
0,5551,6
0,5552,6
0,5553,7
0,5554,6
0,5555,8
0,5556,9
0,5557,9
0,5558,9
0,5559,9
0,5560,9
0,5561,9
0,5562,9
0,5563,7
0,5564,7
0,5565,7
0,5566,5
0,5567,7
0,5568,6
0,5569,6
0,5570,5
0,5571,5
0,5572,5
0,5573,8
0,5574,8
0,5575,8
0,5576,8
0,5577,10
0,5578,7
0,5579,7
0,5580,7
0,5581,6
0,5582,7
0,5583,8
0,5584,4
0,5585,8
0,5586,8
0,5587,7
0,5588,7
0,5589,7
0,5590,10
0,5591,7
0,5592,7
0,5593,7
0,5594,7
0,5595,9
0,5596,9
0,5597,9
0,5598,9
0,5599,6
0,5600,7
0,5601,6
0,5602,10
0,5603,8
0,5604,7
0,5605,8
0,5606,8
0,5607,8
0,5608,8
0,5609,8
0,5610,8
0,5611,8
0,5612,8
0,5613,8
0,5614,8
0,5615,7
0,5616,8
0,5617,7
0,5618,8
0,5619,7
0,5620,8
0,5621,8
0,5622,8
0,5623,8
0,5624,9
0,5625,9
0,5626,7
0,5627,7
0,5628,6
0,5629,4
0,5630,8
0,5631,8
0,5632,8
0,5633,7
0,5634,7
0,5635,9
0,5636,7
0,5637,9
0,5638,7
0,5639,7
0,5640,7
0,5641,8
0,5642,5
0,5643,8
0,5644,7
0,5645,6
0,5646,7
0,5647,8
0,5648,8
0,5649,8
0,5650,8
0,5651,8
0,5652,8
0,5653,5
0,5654,8
0,5655,6
0,5656,7
0,5657,7
0,5658,6
0,5659,6
0,5660,7
0,5661,7
0,5662,7
0,5663,7
0,5664,7
0,5665,7
0,5666,7
0,5667,7
0,5668,7
0,5669,7
0,5670,6
0,5671,7
0,5672,7
0,5673,11
0,5674,11
0,5675,5
0,5676,5
0,5677,5
0,5678,9
0,5679,9
0,5680,9
0,5681,8
0,5682,8
0,5683,8
0,5684,8
0,5685,7
0,5686,5
0,5687,8
0,5688,6
0,5689,8
0,5690,8
0,5691,8
0,5692,8
0,5693,8
0,5694,8
0,5695,8
0,5696,8
0,5697,8
0,5698,8
0,5699,8
0,5700,8
0,5701,8
0,5702,6
0,5703,8
0,5704,9
0,5705,8
0,5706,8
0,5707,8
0,5708,11
0,5709,11
0,5710,7
0,5711,7
0,5712,7
0,5713,7
0,5714,7
0,5715,8
0,5716,8
0,5717,6
0,5718,8
0,5719,7
0,5720,7
0,5721,9
0,5722,9
0,5723,9
0,5724,7
0,5725,7
0,5726,7
0,5727,7
0,5728,7
0,5729,6
0,5730,7
0,5731,7
0,5732,7
0,5733,10
0,5734,7
0,5735,8
0,5736,8
0,5737,8
0,5738,10
0,5739,10
0,5740,10
0,5741,10
0,5742,10
0,5743,10
0,5744,10
0,5745,10
0,5746,10
0,5747,8
0,5748,7
0,5749,6
0,5750,7
0,5751,7
0,5752,7
0,5753,7
0,5754,7
0,5755,7
0,5756,7
0,5757,8
0,5758,7
0,5759,9
0,5760,9
0,5761,9
0,5762,9
0,5763,6
0,5764,6
0,5765,8
0,5766,9
0,5767,7
0,5768,8
0,5769,7
0,5770,7
0,5771,7
0,5772,7
0,5773,13
0,5774,13
0,5775,5
0,5776,7
0,5777,8
0,5778,8
0,5779,7
0,5780,8
0,5781,8
0,5782,8
0,5783,10
0,5784,9
0,5785,6
0,5786,6
0,5787,6
0,5788,5
0,5789,6
0,5790,6
0,5791,6
0,5792,6
0,5793,6
0,5794,6
0,5795,7
0,5796,6
0,5797,7
0,5798,9
0,5799,7
0,5800,10
0,5801,8
0,5802,8
0,5803,8
0,5804,8
0,5805,6
0,5806,6
0,5807,6
0,5808,6
0,5809,8
0,5810,8
0,5811,8
0,5812,7
0,5813,7
0,5814,8
0,5815,8
0,5816,7
0,5817,8
0,5818,7
0,5819,7
0,5820,7
0,5821,7
0,5822,7
0,5823,6
0,5824,7
0,5825,7
0,5826,7
0,5827,8
0,5828,8
0,5829,10
0,5830,10
0,5831,9
0,5832,9
0,5833,9
0,5834,9
0,5835,8
0,5836,9
0,5837,7
0,5838,9
0,5839,8
0,5840,5
0,5841,9
0,5842,9
0,5843,9
0,5844,8
0,5845,7
0,5846,7
0,5847,10
0,5848,9
0,5849,9
0,5850,6
0,5851,9
0,5852,8
0,5853,9
0,5854,9
0,5855,9
0,5856,8
0,5857,8
0,5858,7
0,5859,9
0,5860,9
0,5861,9
0,5862,9
0,5863,7
0,5864,7
0,5865,7
0,5866,9
0,5867,9
0,5868,5
0,5871,9
0,5872,9
0,5873,7
0,5874,8
0,5875,8
0,5876,8
0,5877,8
0,5878,8
0,5879,6
0,5880,6
0,5881,6
0,5882,8
0,5883,8
0,5884,5
0,5885,11
0,5886,10
0,5887,7
0,5888,8
0,5889,5
0,5890,5
0,5891,7
0,5892,7
0,5893,7
0,5894,7
0,5895,5
0,5896,8
0,5897,9
0,5898,9
0,5899,9
0,5900,8
0,5901,8
0,5902,9
0,5903,9
0,5904,9
0,5905,9
0,5906,9
0,5907,9
0,5908,9
0,5909,8
0,5910,8
0,5911,8
0,5912,10
0,5913,8
0,5914,9
0,5915,9
0,5916,5
0,5917,8
0,5918,9
0,5919,9
0,5920,8
0,5921,9
0,5922,8
0,5923,7
0,5924,7
0,5925,7
0,5926,7
0,5927,6
0,5928,6
0,5929,6
0,5930,7
0,5931,4
0,5932,7
0,5933,6
0,5934,6
0,5935,6
0,5936,10
0,5937,7
0,5938,7
0,5939,7
0,5940,4
0,5941,4
0,5942,4
0,5943,12
0,5944,9
0,5945,9
0,5946,9
0,5947,8
0,5948,8
0,5949,8
0,5950,8
0,5951,8
0,5952,7
0,5953,7
0,5954,8
0,5955,8
0,5956,9
0,5957,9
0,5958,8
0,5959,8
0,5960,8
0,5961,11
0,5962,8
0,5963,8
0,5964,8
0,5965,8
0,5966,8
0,5967,8
0,5968,10
0,5969,10
0,5970,8
0,5971,7
0,5972,7
0,5973,6
0,5974,6
0,5975,9
0,5976,10
0,5977,10
0,5978,5
0,5979,10
0,5980,5
0,5981,6
0,5982,6
0,5983,7
0,5984,7
0,5985,7
0,5986,7
0,5987,7
0,5988,7
0,5989,7
0,5990,7
0,5991,7
0,5992,7
0,5993,9
0,5994,9
0,5995,9
0,5996,9
0,5997,7
0,5998,7
0,5999,5
0,6000,7
0,6001,7
0,6002,8
0,6003,8
0,6004,8
0,6005,8
0,6006,8
0,6007,8
0,6008,6
0,6009,6
0,6010,6
0,6011,6
0,6012,10
0,6013,6
0,6014,10
0,6015,10
0,6016,10
0,6017,10
0,6018,10
0,6019,10
0,6020,10
0,6021,10
0,6022,8
0,6023,10
0,6024,11
0,6025,11
0,6026,11
0,6027,10
0,6028,11
0,6029,11
0,6030,11
0,6031,10
0,6032,10
0,6033,10
0,6034,10
0,6035,10
0,6036,8
0,6037,8
0,6038,8
0,6039,7
0,6040,6
0,6041,9
0,6042,8
0,6043,8
0,6044,8
0,6045,8
0,6046,8
0,6047,8
0,6048,8
0,6049,8
0,6050,10
0,6051,10
0,6052,10
0,6053,10
0,6054,9
0,6055,9
0,6056,10
0,6057,10
0,6058,10
0,6059,9
0,6060,9
0,6061,5
0,6062,5
0,6063,10
0,6064,10
0,6065,10
0,6066,10
0,6067,10
0,6068,10
0,6069,10
0,6070,8
0,6071,4
0,6072,8
0,6073,5
0,6074,5
0,6075,5
0,6076,10
0,6077,10
0,6078,9
0,6079,9
0,6080,8
0,6081,10
0,6082,10
0,6083,10
0,6084,10
0,6085,10
0,6086,10
0,6087,5
0,6088,9
0,6089,9
0,6090,9
0,6091,8
0,6092,11
0,6093,11
0,6094,7
0,6095,7
0,6096,6
0,6097,7
0,6098,6
0,6099,7
0,6100,8
0,6101,8
0,6102,6
0,6103,8
0,6104,8
0,6105,10
0,6106,10
0,6107,10
0,6108,8
0,6109,8
0,6110,8
0,6111,8
0,6112,9
0,6113,9
0,6114,9
0,6115,9
0,6116,9
0,6117,9
0,6118,9
0,6119,7
0,6120,7
0,6121,9
0,6122,9
0,6123,11
0,6124,11
0,6125,11
0,6126,11
0,6127,11
0,6128,11
0,6129,11
0,6130,11
0,6131,9
0,6132,9
0,6133,9
0,6134,11
0,6135,11
0,6136,11
0,6137,9
0,6138,6
0,6139,9
0,6140,9
0,6141,9
0,6142,9
0,6143,11
0,6144,11
0,6145,11
0,6146,11
0,6147,11
0,6148,11
0,6149,11
0,6150,6
0,6151,6
0,6152,6
0,6153,6
0,6154,11
0,6155,11
0,6156,11
0,6157,8
0,6158,8
0,6159,8
0,6160,8
0,6161,8
0,6162,8
0,6163,8
0,6164,8
0,6165,8
0,6166,8
0,6167,11
0,6168,5
0,6169,10
0,6170,10
0,6171,7
0,6172,12
0,6173,12
0,6174,8
0,6175,8
0,6176,8
0,6177,8
0,6178,8
0,6179,8
0,6180,8
0,6181,8
0,6182,9
0,6183,12
0,6184,12
0,6185,12
0,6186,11
0,6187,12
0,6188,12
0,6189,10
0,6190,10
0,6191,10
0,6192,10
0,6193,10
0,6194,10
0,6195,9
0,6196,9
0,6197,10
0,6198,10
0,6199,10
0,6200,10
0,6201,10
0,6202,10
0,6203,10
0,6204,10
0,6205,10
0,6206,10
0,6207,10
0,6208,10
0,6209,10
0,6210,10
0,6211,10
0,6212,10
0,6213,10
0,6214,10
0,6215,10
0,6216,10
0,6217,10
0,6218,10
0,6219,10
0,6220,10
0,6221,10
0,6222,10
0,6223,10
0,6224,10
0,6225,10
0,6226,10
0,6227,10
0,6228,10
0,6229,10
0,6230,12
0,6231,12
0,6232,5
0,6233,9
0,6234,11
0,6235,11
0,6236,8
0,6237,7
0,6238,11
0,6239,11
0,6240,11
0,6241,6
0,6242,6
0,6243,9
0,6244,9
0,6245,9
0,6246,11
0,6247,10
0,6248,10
0,6249,5
0,6250,5
0,6251,5
0,6252,5
0,6253,11
0,6254,11
0,6255,7
0,6256,7
0,6257,7
0,6258,12
0,6259,12
0,6260,12
0,6261,12
0,6262,6
0,6263,6
0,6264,6
0,6265,6
0,6266,6
0,6267,6
0,6268,6
0,6269,6
0,6270,6
0,6271,13
0,6272,13
0,6273,13
0,6274,7
0,6275,7
0,6276,14
0,6277,14
0,6278,14
0,6279,7
0,6280,7
0,6281,7
0,6282,7
0,6283,7
0,6284,8
0,6285,8
0,6286,8
0,6287,8
0,6288,8
0,6289,11
0,6290,15
0,6291,8
0,6292,9
0,6293,9
0,6294,9
0,6295,9
0,6296,9
0,6297,10
0,6298,10
0,6299,10
0,6300,10
22,22,0
22,24,1
22,26,1
44,44,0
44,46,1
44,52,1
66,66,0
66,70,1
66,72,1
66,74,1
98,98,0
109,109,0
192,192,0
192,194,1
192,2135,2
192,2137,2
236,236,0
236,237,1
236,239,1
236,242,1
236,245,1
310,310,0
310,316,1
310,317,1
310,319,1
310,320,1
366,366,0
399,399,0
399,403,1
399,405,1
399,408,1
410,410,0
410,417,1
421,421,0
428,428,0
428,431,1
428,2426,2
439,439,0
439,441,1
439,444,1
439,445,1
439,447,1
516,516,0
516,517,1
516,519,1
516,525,1
537,537,0
537,539,1
537,543,1
537,545,1
537,546,1
636,636,0
636,639,1
636,641,1
644,644,0
647,647,0
647,653,1
719,719,0
719,723,1
752,752,0
775,775,0
797,797,0
896,896,0
896,899,1
896,903,1
896,905,1
929,929,0
929,934,1
929,936,1
948,948,0
948,949,1
948,950,1
948,2824,2
948,2827,2
948,2830,2
948,2831,2
948,2832,2
948,2834,2
948,2835,2
948,4326,3
948,4329,3
948,4331,3
961,961,0
961,964,1
961,966,1
961,2845,2
992,992,0
994,994,0
999,999,0
999,1000,1
999,1008,1
1075,1075,0
1075,1080,1
1075,1083,1
1098,1098,0
1098,1099,1
1098,1101,1
1098,1105,1
1108,1108,0
1108,1110,1
1108,1111,1
1108,1112,1
1108,1113,1
1117,1117,0
1117,1119,1
1117,1121,1
1161,1161,0
1181,1181,0
1181,1182,1
1181,1183,1
1181,1185,1
1181,1186,1
1181,1187,1
1181,1188,1
1181,1189,1
1181,1190,1
1200,1200,0
1200,1201,1
1200,1204,1
1200,1205,1
1200,1206,1
1200,1207,1
1200,1884,4
1200,3068,2
1200,3072,2
1200,3073,2
1200,3074,2
1200,3075,2
1200,3078,2
1200,3099,2
1200,3101,2
1200,3103,2
1200,4493,3
1200,4500,3
1218,1218,0
1222,1222,0
1222,1225,1
1222,1226,1
1237,1237,0
1237,1238,1
1237,1241,1
1237,1242,1
1237,1244,1
1247,1247,0
1260,1260,0
1260,1263,1
1286,1286,0
1286,1293,1
1294,1294,0
1294,1295,1
1294,1296,1
1294,1298,1
1307,1307,0
1307,1308,1
1307,1312,1
1307,1314,1
1307,1315,1
1307,3182,2
1307,3183,2
1398,1398,0
1398,1399,1
1398,3246,2
1398,4630,3
1398,4631,3
1398,5394,4
1403,1403,0
1403,1406,1
1403,1410,1
1445,1445,0
1445,1446,1
1445,1448,1
1445,1449,1
1445,1450,1
1445,1452,1
1453,1453,0
1453,1455,1
1462,1462,0
1462,1463,1
1462,1464,1
1462,1465,1
1462,1467,1
1462,1468,1
1462,1469,1
1462,1470,1
1462,1472,1
1474,1474,0
1478,1478,0
1478,1479,1
1478,1483,1
1494,1494,0
1497,1497,0
1497,1499,1
1497,1502,1
1520,1520,0
1520,1521,1
1520,1523,1
1520,1525,1
1527,1527,0
1562,1562,0
1562,1566,1
1562,1567,1
1562,3353,2
1579,1579,0
1579,1580,1
1579,1582,1
1596,1596,0
1596,1603,1
1625,1625,0
1648,1648,0
1648,1649,1
1648,3396,2
1648,3398,2
1648,4743,3
1648,4744,3
1648,4745,3
1648,5461,4
1657,1657,0
1657,1660,1
1657,1662,1
1657,1663,1
1668,1668,0
1674,1674,0
1674,1678,1
1674,1680,1
1674,1681,1
1683,1683,0
1683,1684,1
1692,1692,0
1692,1693,1
1692,1696,1
1712,1712,0
1712,1713,1
1712,3472,2
1712,3474,2
1722,1722,0
1722,1723,1
1742,1742,0
1742,1745,1
1742,1746,1
1742,3505,2
1748,1748,0
1753,1753,0
1753,1759,1
1785,1785,0
1785,1793,1
1785,3541,2
1834,1834,0
1834,1835,1
1834,1839,1
1834,3591,2
1834,3592,2
1847,1847,0
1847,1851,1
1847,1853,1
1856,1856,0
1856,1857,1
1856,1858,1
1856,3610,2
1856,3611,2
1864,1864,0
1864,1869,1
1876,1876,0
1877,1877,0
1877,1879,1
5537,5537,0
5537,5538,1
5537,5539,1
5537,5540,1
5537,5869,2
5537,5870,2
